order_id,distance_km,delivery_time,order_value,peak_hour,batch_size,rider_idle_time,warehouse_wait_time,cancelled,city_zone,cost_per_order,sla_violation
0,8.31,53,2280,1,1,4,6,0,South,145.98000000000002,1
1,1.39,51,783,1,1,4,10,0,North,87.62,1
2,5.03,42,1504,1,1,17,5,1,North,103.24000000000001,1
3,8.16,54,376,0,4,0,18,0,North,146.28,1
4,1.14,58,984,1,2,25,13,0,East,96.12,1
5,9.61,18,798,1,4,21,4,0,West,103.88,0
6,4.89,12,1461,0,1,26,5,1,West,57.12,0
7,8.68,31,557,0,5,29,8,0,East,115.94,1
8,10.39,54,563,1,3,7,2,0,East,164.12,1
9,4.9,55,1868,1,4,15,3,0,West,121.7,1
10,6.27,44,1650,1,1,9,14,0,South,116.16,1
11,3.84,23,1318,1,5,11,20,0,West,65.22,0
12,7.21,22,690,1,3,29,14,0,East,90.68,0
13,6.68,11,1947,0,5,4,16,1,North,69.94,0
14,2.6,20,1249,0,5,27,15,0,East,50.8,0
15,2.36,42,1685,0,3,3,19,0,East,81.88,1
16,6.75,55,2344,0,5,6,2,0,North,136.5,1
17,7.85,55,1152,0,2,27,14,0,East,145.3,1
18,1.32,45,306,1,1,28,10,0,South,78.06,1
19,8.29,39,2096,1,2,18,19,0,East,124.82,1
20,2.44,18,216,1,3,6,5,0,East,46.519999999999996,0
21,2.74,31,1174,1,2,20,20,0,West,68.42,1
22,2.03,23,1888,0,5,21,2,1,East,50.739999999999995,0
23,4.13,17,1561,1,5,26,11,0,West,58.54,0
24,1.1,20,1956,0,2,24,17,0,North,38.8,0
25,10.54,19,1139,0,4,5,7,0,South,112.82,0
26,2.71,34,1906,1,4,26,4,1,North,72.68,1
27,1.6,58,969,0,2,23,13,0,North,99.8,1
28,10.45,50,2351,1,5,24,16,0,South,158.6,1
29,11.31,22,1268,1,2,29,17,0,South,123.48,0
30,6.21,59,1618,0,2,0,17,0,West,138.18,1
31,8.09,30,1699,0,3,29,4,0,South,109.72,0
32,8.36,18,1688,1,4,23,13,0,West,93.88,0
33,1.03,34,2269,1,5,19,15,1,South,59.24,1
34,5.26,25,1261,1,5,25,6,0,South,79.58,0
35,1.06,42,1307,1,2,19,11,0,East,71.48,1
36,4.67,31,2370,1,4,8,11,0,West,83.86,1
37,7.53,47,1834,1,4,27,1,1,West,130.74,1
38,6.74,17,1829,1,1,9,4,1,East,79.42,0
39,4.87,33,1566,0,2,4,13,1,North,88.46000000000001,1
40,10.95,38,1803,0,3,3,19,0,North,144.6,1
41,3.02,51,2040,1,2,20,6,0,South,100.66,1
42,2.72,26,737,1,4,13,2,1,East,60.760000000000005,0
43,8.76,22,1092,0,2,1,17,0,East,103.08,0
44,11.66,13,1332,1,1,5,5,0,North,112.78,0
45,4.93,40,1877,1,1,3,7,1,East,99.44,1
46,9.84,59,2019,1,4,24,17,1,West,167.22,1
47,8.18,44,1572,0,2,3,18,1,West,131.44,1
48,2.75,43,793,0,3,8,6,1,East,86.5,1
49,10.41,38,508,0,1,23,20,1,West,140.28,1
50,2.8,56,1602,1,1,11,1,1,West,106.4,1
51,7.89,30,1188,1,3,20,19,0,North,108.12,0
52,10.1,20,878,0,2,29,5,1,West,110.8,0
53,7.53,13,1803,0,2,9,8,0,West,79.74000000000001,0
54,7.38,21,834,1,2,30,6,0,South,90.53999999999999,0
55,7.55,52,388,1,2,13,9,0,North,138.4,1
56,7.1,20,1947,0,3,16,7,0,East,86.8,0
57,11.64,50,2076,0,2,14,11,1,North,168.12,1
58,11.69,47,1067,1,2,8,12,1,West,164.01999999999998,1
59,9.71,17,659,0,4,30,9,1,West,103.18,0
60,11.47,36,925,1,4,13,6,0,North,145.76,1
61,5.81,11,2174,1,5,25,9,0,South,62.98,0
62,8.13,47,683,0,4,3,4,1,West,135.54000000000002,1
63,4.59,46,217,0,3,24,2,0,East,105.72,1
64,4.82,60,2215,1,1,2,13,0,West,128.56,1
65,10.98,47,2279,1,5,10,19,0,North,158.34,1
66,7.85,29,1693,0,2,4,13,0,South,106.3,0
67,10.39,24,2202,1,1,6,13,1,South,119.12,0
68,10.8,53,1861,1,4,16,15,0,East,165.9,1
69,10.65,18,1754,0,5,24,19,0,West,112.2,0
70,11.33,41,423,0,5,1,17,1,West,152.14,1
71,8.18,47,779,1,3,15,1,1,North,135.94,1
72,9.13,24,2007,1,1,1,10,1,West,109.04,0
73,6.27,55,380,1,1,2,5,1,South,132.66,1
74,3.59,52,1426,0,1,20,9,1,East,106.72,1
75,2.82,15,2018,1,5,14,17,1,North,45.06,0
76,9.24,18,723,1,3,26,16,1,North,100.92,0
77,10.03,35,875,1,3,22,14,0,North,132.74,1
78,5.75,20,1912,0,3,22,7,1,East,76.0,0
79,5.19,26,1265,1,5,15,9,0,East,80.52000000000001,0
80,1.42,19,1881,1,1,20,9,1,North,39.86,0
81,10.24,26,912,1,1,30,13,0,North,120.92,0
82,9.67,47,1305,0,5,1,4,0,East,147.86,1
83,6.77,57,1866,1,1,17,11,0,North,139.66,1
84,8.86,46,731,1,5,8,9,1,West,139.88,1
85,3.72,22,1004,1,4,29,15,0,West,62.760000000000005,0
86,11.55,55,2166,1,1,3,7,0,East,174.9,1
87,5.83,44,617,1,4,21,3,1,North,112.64,1
88,7.82,10,249,1,4,22,1,1,North,77.56,0
89,7.45,39,612,0,3,29,2,1,North,118.1,1
90,7.98,28,2344,1,3,25,11,1,South,105.84,0
91,9.73,41,1941,0,3,17,18,1,East,139.34,1
92,9.44,57,771,0,5,29,14,1,West,161.01999999999998,1
93,10.56,36,1072,1,1,3,4,1,East,138.48000000000002,1
94,6.42,16,2091,0,5,6,14,0,North,75.36,0
95,5.86,46,1074,0,4,7,14,1,South,115.88,1
96,1.82,54,729,0,2,7,5,0,West,95.56,1
97,4.64,46,945,1,2,11,11,0,West,106.12,1
98,3.37,58,362,1,4,12,4,1,East,113.96000000000001,1
99,5.91,50,635,1,1,29,1,1,West,122.28,1
100,10.35,16,2045,1,5,11,13,1,North,106.8,0
101,9.14,25,1448,1,4,20,9,0,East,110.62,0
102,3.78,52,1451,0,2,25,19,1,West,108.24,1
103,4.26,17,2293,1,4,14,18,0,East,59.58,0
104,11.31,53,409,0,3,15,7,1,West,169.98000000000002,1
105,4.59,51,2085,0,5,22,15,0,West,113.22,1
106,1.74,24,536,1,3,24,1,1,East,49.92,0
107,3.53,50,1831,1,1,14,17,0,South,103.24,1
108,4.64,10,464,1,5,21,7,0,West,52.12,0
109,3.6,49,1459,1,1,13,11,0,North,102.3,1
110,10.31,27,1421,0,3,25,19,1,South,122.98,0
111,3.03,47,845,1,3,24,11,0,South,94.74,1
112,10.68,44,548,1,2,8,16,0,East,151.44,1
113,2.91,52,1993,0,1,29,12,1,East,101.28,1
114,8.24,44,870,1,5,18,7,0,North,131.92000000000002,1
115,3.88,52,2420,0,1,22,7,1,East,109.03999999999999,1
116,4.17,37,901,1,5,27,8,0,West,88.86,1
117,6.02,15,470,0,5,17,19,1,West,70.66,0
118,2.63,43,478,0,4,0,16,1,East,85.53999999999999,1
119,8.39,37,650,0,3,15,6,0,East,122.62,1
120,8.15,31,766,0,4,23,19,1,East,111.7,1
121,11.78,19,1529,1,5,9,12,0,West,122.74,0
122,9.12,14,1022,1,4,6,3,0,West,93.96,0
123,10.2,53,1488,0,5,15,6,1,North,161.1,1
124,4.9,53,2396,0,2,9,5,1,East,118.7,1
125,3.86,50,2058,0,4,17,7,0,South,105.88,1
126,4.12,37,1807,1,5,16,16,1,South,88.46000000000001,1
127,5.53,42,2363,0,4,20,12,0,South,107.24000000000001,1
128,11.24,35,733,0,3,25,1,0,West,142.42000000000002,1
129,11.1,34,241,0,4,2,10,0,North,139.8,1
130,8.83,32,1784,0,3,3,12,0,East,118.64,1
131,6.6,40,2184,0,2,6,3,1,South,112.8,1
132,8.46,30,1380,1,3,0,20,0,South,112.68,0
133,11.89,11,1569,0,1,19,16,0,South,111.62,0
134,9.32,43,548,0,4,28,13,1,East,139.06,1
135,11.1,57,2253,1,3,8,7,0,East,174.3,1
136,8.75,58,2467,1,4,28,9,1,North,157.0,1
137,4.25,19,2175,1,1,4,19,0,West,62.5,0
138,3.17,23,2026,1,2,22,11,1,East,59.86,0
139,7.54,45,230,1,1,4,15,1,West,127.82,1
140,7.62,19,664,1,2,14,7,0,South,89.46000000000001,0
141,3.96,24,552,0,4,1,5,1,East,67.68,0
142,10.33,18,2084,1,1,11,13,0,South,109.64,0
143,7.68,50,2267,0,3,7,2,1,West,136.44,1
144,7.51,14,1207,1,2,24,6,0,South,81.08,0
145,1.68,30,1790,1,4,25,1,1,North,58.44,0
146,5.82,32,278,0,4,10,14,0,North,94.56,1
147,9.24,50,573,0,5,9,4,1,North,148.92000000000002,1
148,5.14,45,1490,0,4,3,15,1,West,108.62,1
149,9.11,57,1726,0,4,1,20,0,North,158.38,1
150,7.12,21,273,1,1,13,12,1,East,88.46000000000001,0
151,11.99,14,351,1,3,10,10,0,East,116.92,0
152,1.63,48,554,1,5,7,8,1,North,85.03999999999999,1
153,10.35,25,1783,1,1,7,19,1,West,120.3,0
154,7.28,30,1453,0,3,15,11,0,West,103.24000000000001,0
155,10.68,46,1938,0,3,17,17,1,East,154.44,1
156,6.46,14,1885,1,4,16,14,1,North,72.68,0
157,4.24,34,477,1,4,21,15,0,East,84.92,1
158,11.2,21,1280,1,4,24,15,1,North,121.1,0
159,2.92,43,223,0,3,4,15,1,East,87.86,1
160,9.71,35,1588,1,5,16,2,1,West,130.18,1
161,1.81,10,442,0,1,10,14,0,South,29.48,0
162,5.89,40,886,1,3,3,9,0,North,107.12,1
163,4.22,36,824,0,3,15,4,1,East,87.75999999999999,1
164,4.36,60,1732,0,1,29,16,0,North,124.88,1
165,10.17,17,2016,0,2,9,18,0,West,106.86,0
166,5.55,45,1167,0,1,28,6,1,South,111.9,1
167,9.78,28,1654,1,4,16,14,1,South,120.24,0
168,7.18,49,2027,1,3,6,19,1,North,130.94,1
169,11.89,20,462,0,1,25,16,0,East,125.12,0
170,5.85,16,875,0,3,19,6,0,North,70.8,0
171,5.6,43,2064,0,3,3,19,1,West,109.3,1
172,1.43,39,316,0,1,19,12,0,North,69.94,1
173,8.89,50,263,0,5,27,19,1,West,146.12,1
174,11.76,13,950,0,2,0,7,0,North,113.58,0
175,9.65,27,339,1,5,6,18,0,South,117.7,0
176,1.14,26,569,1,5,6,9,1,East,48.12,0
177,11.75,42,1876,0,4,24,18,1,South,157.0,1
178,10.9,38,2418,1,3,3,7,0,North,144.2,1
179,3.82,30,238,0,1,4,10,1,East,75.56,0
180,7.62,14,522,1,3,23,4,0,North,81.96000000000001,0
181,6.48,24,2456,1,2,9,17,1,West,87.84,0
182,8.39,22,2015,0,5,16,13,1,East,100.12,0
183,3.59,28,1415,0,3,22,17,0,North,70.72,0
184,11.36,57,243,1,1,15,6,0,West,176.38,1
185,7.39,39,384,0,2,29,4,0,South,117.62,1
186,10.69,30,2490,1,2,16,7,0,West,130.51999999999998,0
187,9.61,44,1745,1,5,12,20,0,East,142.88,1
188,8.41,30,1859,1,5,23,15,0,North,112.28,0
189,1.54,22,1689,1,4,17,7,0,South,45.32,0
190,4.85,34,526,0,3,22,18,0,West,89.8,1
191,11.67,16,2239,0,4,27,3,1,North,117.36,0
192,6.51,19,1720,0,1,14,5,1,South,80.58,0
193,11.62,40,1951,1,2,26,4,1,North,152.95999999999998,1
194,3.23,10,2389,1,4,24,13,0,South,40.84,0
195,3.5,11,2438,1,1,17,12,1,South,44.5,0
196,5.39,26,1701,1,1,29,20,0,East,82.12,0
197,9.87,18,332,1,3,23,8,1,North,105.96,0
198,11.26,59,496,1,3,16,3,1,East,178.57999999999998,1
199,6.98,56,1639,1,3,7,2,1,North,139.84,1
200,4.09,18,731,0,4,11,18,0,North,59.72,0
201,3.72,20,1364,0,5,5,7,0,East,59.760000000000005,0
202,2.23,48,733,1,4,7,18,1,East,89.84,1
203,7.59,43,1973,1,4,14,18,0,East,125.22,1
204,2.4,43,1342,1,2,17,17,1,North,83.7,1
205,4.73,10,1846,0,1,2,17,0,South,52.84,0
206,5.59,40,2103,1,4,17,6,0,North,104.72,1
207,2.23,46,1863,0,1,22,20,0,South,86.84,1
208,4.53,31,2284,0,3,21,16,1,North,82.74000000000001,1
209,10.26,25,368,1,5,25,12,1,South,119.58,0
210,8.25,17,1732,0,2,27,16,1,East,91.5,0
211,4.95,38,525,1,5,18,4,1,East,96.6,1
212,10.1,38,1198,1,1,4,5,0,South,137.8,1
213,5.92,27,2088,0,2,22,18,1,North,87.86,0
214,9.9,47,1628,1,5,26,6,0,West,149.7,1
215,8.83,22,1549,1,4,8,12,1,South,103.64,0
216,2.26,23,1129,0,1,21,18,0,West,52.58,0
217,1.97,18,1212,0,1,27,16,1,South,42.76,0
218,7.66,50,1159,0,3,23,15,1,West,136.28,1
219,6.71,42,1919,1,2,5,6,1,West,116.68,1
220,11.23,51,1583,1,3,28,20,0,West,166.34,1
221,5.39,56,842,0,5,14,10,0,West,127.12,1
222,5.78,52,1410,0,5,25,10,0,South,124.24000000000001,1
223,8.66,29,2362,1,1,1,3,0,East,112.78,0
224,4.22,12,1251,0,2,7,7,1,South,51.76,0
225,11.28,26,1828,0,1,26,3,1,North,129.24,0
226,11.39,27,621,0,3,27,13,0,South,131.62,0
227,5.85,14,945,1,3,4,12,0,South,67.8,0
228,5.58,20,346,1,3,29,1,0,East,74.64,0
229,2.68,49,1613,1,5,20,6,1,East,94.94,1
230,5.27,11,1883,0,4,5,17,1,South,58.66,0
231,10.32,29,1495,1,3,5,13,1,West,126.06,0
232,10.61,17,1794,0,3,18,8,1,North,110.38,0
233,9.67,27,2057,0,2,24,17,1,North,117.86,0
234,4.93,51,1235,0,5,13,2,0,East,115.94,1
235,2.76,59,1371,0,3,8,3,0,North,110.58,1
236,6.74,46,272,1,1,21,3,1,South,122.92,1
237,5.64,31,975,0,2,17,10,1,South,91.62,1
238,8.89,35,1023,0,5,26,14,1,East,123.62,1
239,6.71,60,1131,1,4,22,12,0,South,143.68,1
240,4.15,35,1207,1,3,11,10,1,South,85.7,1
241,3.67,13,804,0,5,12,8,1,East,48.86,0
242,2.78,51,928,0,5,5,2,1,East,98.74,1
243,10.83,25,709,1,2,0,12,0,East,124.14,0
244,11.42,42,999,1,5,27,11,1,East,154.36,1
245,8.21,21,439,1,1,14,3,1,West,97.18,0
246,9.02,16,729,0,3,15,1,1,East,96.16,0
247,7.82,52,380,1,5,2,9,0,South,140.56,1
248,6.78,49,2262,0,1,4,7,1,West,127.74000000000001,1
249,11.21,57,777,1,4,28,1,1,South,175.18,1
250,7.77,31,210,1,2,27,12,1,West,108.66,1
251,9.09,42,1990,0,3,7,20,0,South,135.72,1
252,10.23,36,1878,1,1,23,6,0,East,135.84,1
253,5.15,38,221,0,5,15,4,1,North,98.2,1
254,9.2,31,232,0,5,16,17,0,North,120.1,1
255,11.25,38,1058,1,1,6,17,1,West,147.0,1
256,10.63,42,1270,0,5,15,1,1,North,148.04000000000002,1
257,8.16,29,2129,0,1,26,8,1,North,108.78,0
258,9.04,36,1048,0,4,14,6,1,East,126.32,1
259,4.41,59,1909,1,1,12,9,0,South,123.78,1
260,4.87,11,555,0,3,11,15,1,West,55.46,0
261,1.03,37,1539,1,3,14,3,0,North,63.74,1
262,3.43,36,1899,0,3,16,15,1,North,81.44,1
263,11.92,15,2033,1,1,28,18,1,East,117.86,0
264,8.95,18,2217,1,4,30,20,1,East,98.6,0
265,9.76,29,970,0,1,3,11,0,North,121.58,0
266,3.15,59,776,0,1,8,19,1,West,113.7,1
267,9.52,48,2499,0,5,3,8,0,North,148.16,1
268,1.18,21,1077,0,1,8,16,1,South,40.94,0
269,10.7,47,2438,1,5,27,17,1,North,156.1,1
270,11.8,53,1531,1,4,30,3,0,North,173.9,1
271,5.98,58,990,1,4,26,3,0,East,134.84,1
272,10.67,13,905,0,2,24,6,1,North,104.86,0
273,11.59,20,2170,0,2,9,10,1,South,122.72,0
274,2.86,23,556,1,3,15,1,0,East,57.379999999999995,0
275,5.12,59,1701,0,2,25,19,0,North,129.46,1
276,3.07,19,1334,1,4,4,19,0,South,53.06,0
277,9.02,35,1023,0,4,7,11,0,West,124.66,1
278,8.12,56,782,0,2,20,20,1,South,148.95999999999998,1
279,6.06,39,2423,1,5,14,19,0,South,106.97999999999999,1
280,1.87,22,1486,1,3,2,2,1,West,47.96,0
281,8.83,12,2412,1,2,7,13,0,West,88.64,0
282,11.9,23,1509,1,4,2,6,0,West,129.7,0
283,4.8,22,1715,0,1,10,11,1,South,71.4,0
284,11.77,16,1055,0,2,10,1,0,North,118.16,0
285,10.53,41,506,0,4,23,10,1,East,145.74,1
286,4.67,17,2089,0,3,10,4,1,East,62.86,0
287,2.5,53,618,1,3,26,20,1,West,99.5,1
288,8.77,23,2264,0,3,19,6,1,East,104.66,0
289,8.5,12,564,0,1,3,10,0,West,86.0,0
290,8.54,50,2365,1,1,17,2,1,North,143.32,1
291,10.07,12,1581,1,3,28,15,0,North,98.56,0
292,2.53,22,1749,0,5,13,9,1,East,53.239999999999995,0
293,3.48,11,1854,0,4,19,3,1,West,44.34,0
294,10.76,38,2199,0,5,18,19,0,West,143.07999999999998,1
295,6.33,59,873,0,2,23,9,1,East,139.14,1
296,8.44,12,2343,1,4,17,6,1,West,85.52,0
297,7.63,47,1439,1,5,17,2,1,West,131.54,1
298,8.06,45,1459,1,3,3,13,0,West,131.98000000000002,1
299,2.05,41,361,0,2,27,1,0,North,77.9,1
300,10.59,53,1031,0,3,29,8,1,West,164.22,1
301,10.87,16,1131,1,2,2,18,1,East,110.96,0
302,10.13,56,1039,1,3,17,16,1,North,165.04000000000002,1
303,8.44,43,840,0,1,30,20,0,East,132.01999999999998,1
304,3.92,18,1766,0,3,8,5,0,South,58.36,0
305,8.8,53,592,1,1,19,6,1,South,149.9,1
306,8.89,52,225,0,3,9,20,1,South,149.12,1
307,5.36,12,435,1,4,14,2,1,East,60.88,0
308,4.89,14,1697,0,5,12,15,1,South,60.12,0
309,3.77,60,303,0,3,9,11,0,North,120.16,1
310,4.8,14,879,1,2,14,9,1,North,59.4,0
311,7.98,35,2083,0,5,16,20,0,East,116.34,1
312,2.5,43,1070,0,4,8,19,1,West,84.5,1
313,1.89,10,1339,0,2,3,13,0,East,30.119999999999997,0
314,11.95,42,574,0,4,6,2,1,South,158.6,1
315,5.8,34,2395,1,3,10,10,0,West,97.4,1
316,11.6,18,1155,0,1,17,17,1,East,119.8,0
317,9.62,31,2363,1,4,5,9,0,North,123.46,1
318,8.61,13,204,0,3,7,4,1,North,88.38,0
319,9.43,29,231,0,2,17,7,1,West,118.94,0
320,7.4,37,1955,0,3,12,15,0,West,114.7,1
321,3.2,47,673,0,4,19,13,1,East,96.1,1
322,3.04,54,514,0,4,19,4,1,West,105.32,1
323,6.17,42,1998,0,2,30,7,0,South,112.36,1
324,4.66,27,2090,1,3,25,9,1,North,77.78,0
325,4.31,59,2404,1,1,6,19,1,South,122.97999999999999,1
326,1.28,20,1629,1,5,1,1,0,North,40.24,0
327,3.68,23,1511,0,5,7,5,1,East,63.94,0
328,8.91,53,2134,1,4,24,5,0,South,150.78,1
329,1.63,43,1841,0,4,9,8,1,North,77.53999999999999,1
330,8.71,14,1807,0,2,6,14,1,West,90.68,0
331,8.13,40,2041,0,3,19,20,1,South,125.04,1
332,9.54,32,2465,0,2,25,13,1,North,124.32,1
333,2.53,30,1131,1,3,24,3,1,North,65.24,0
334,5.01,17,2365,1,1,0,2,0,East,65.58,0
335,3.39,35,2263,1,2,14,1,0,West,79.62,1
336,2.89,43,1240,1,5,15,1,1,North,87.62,1
337,10.42,28,1202,1,1,2,3,0,North,125.36,0
338,6.86,28,1608,1,3,19,10,1,North,96.88,0
339,7.12,43,939,0,4,5,19,1,West,121.46000000000001,1
340,9.42,44,464,1,3,20,18,1,South,141.36,1
341,4.14,57,1611,1,3,1,7,0,East,118.62,1
342,4.7,26,966,0,5,17,13,0,West,76.6,0
343,4.08,22,2048,0,5,3,1,1,West,65.64,0
344,1.11,26,229,1,4,30,5,0,North,47.88,0
345,8.91,56,350,0,4,28,7,1,East,155.28,1
346,1.44,18,1235,1,5,22,14,1,West,38.519999999999996,0
347,8.67,25,564,1,4,8,12,1,East,106.86,0
348,7.72,17,1466,0,3,23,10,1,North,87.25999999999999,0
349,2.57,45,1299,1,4,27,17,0,West,88.06,1
350,9.44,55,981,1,4,1,10,1,East,158.01999999999998,1
351,10.41,59,1540,1,4,27,9,0,South,171.78,1
352,3.95,36,1934,0,3,29,5,1,South,85.6,1
353,3.26,34,2213,0,3,27,9,0,South,77.08,1
354,7.24,32,231,1,4,23,2,0,North,105.92,1
355,2.93,47,311,1,3,11,8,0,North,93.94,1
356,7.37,36,267,1,4,17,3,0,South,112.96000000000001,1
357,9.15,13,393,0,3,4,4,0,South,92.7,0
358,1.47,60,1917,1,3,20,1,0,West,101.76,1
359,11.63,21,1604,1,1,5,2,1,East,124.54,0
360,2.35,42,2061,1,2,20,2,1,North,81.8,1
361,6.83,12,1459,0,3,14,18,1,East,72.64,0
362,10.95,42,2100,0,4,5,7,0,East,150.6,1
363,7.53,26,230,0,5,17,18,1,South,99.24000000000001,0
364,11.99,47,1425,0,3,10,17,1,North,166.42000000000002,1
365,5.5,47,942,0,5,11,8,0,East,114.5,1
366,3.08,11,996,1,4,29,16,1,West,41.14,0
367,11.34,30,1547,0,2,14,17,1,East,135.72,0
368,11.84,50,2008,1,2,16,18,1,East,169.72,1
369,7.06,53,321,0,2,7,1,1,South,135.98,1
370,5.03,40,1525,0,4,17,15,1,West,100.24000000000001,1
371,3.92,25,1318,0,3,21,11,0,West,68.86,0
372,3.32,15,317,1,4,2,19,1,West,49.06,0
373,4.09,11,2200,1,3,30,18,1,East,49.22,0
374,7.87,23,2455,0,2,25,4,0,East,97.46000000000001,0
375,8.04,48,1815,0,4,7,15,1,North,136.32,1
376,1.76,14,788,1,2,7,8,1,South,35.08,0
377,10.33,36,2384,0,5,20,9,1,North,136.64,1
378,8.64,19,2086,0,5,22,17,0,North,97.62,0
379,11.95,32,1849,0,3,30,14,0,North,143.6,1
380,2.73,44,1970,0,1,5,20,0,East,87.84,1
381,5.07,20,2474,0,3,27,11,1,West,70.56,0
382,3.22,14,926,1,1,3,12,0,North,46.760000000000005,0
383,8.46,36,2109,0,2,21,6,0,East,121.68,1
384,2.05,47,1908,1,3,18,13,0,North,86.9,1
385,2.54,53,1323,1,4,4,16,1,East,99.82,1
386,6.95,23,2483,1,2,18,16,1,West,90.1,0
387,7.06,38,998,1,2,28,18,1,North,113.47999999999999,1
388,1.13,49,1673,1,4,18,15,1,North,82.53999999999999,1
389,9.9,51,475,1,1,21,1,0,North,155.7,1
390,9.93,15,1021,1,2,5,2,0,East,101.94,0
391,5.54,55,545,1,3,25,8,0,East,126.82,1
392,3.65,52,2030,1,5,10,5,1,East,107.2,1
393,5.43,36,1230,1,1,14,7,1,West,97.44,1
394,1.83,37,937,0,4,14,1,1,West,70.14,1
395,2.13,57,662,1,3,22,20,0,East,102.53999999999999,1
396,7.67,15,2088,0,1,6,20,1,North,83.86,0
397,3.05,35,2097,0,4,6,9,1,South,76.9,1
398,9.75,16,2347,1,2,17,10,1,North,102.0,0
399,3.35,20,1818,1,2,11,16,1,East,56.8,0
400,1.01,58,1271,0,5,7,18,1,East,95.08,1
401,9.47,24,542,1,3,16,3,0,East,111.76,0
402,7.58,26,1342,0,5,22,5,1,East,99.64,0
403,11.7,59,1726,0,3,1,11,1,West,182.1,1
404,11.56,42,2343,0,2,21,9,0,West,155.48000000000002,1
405,7.52,21,1622,1,1,18,6,0,South,91.66,0
406,11.02,12,1776,1,2,17,1,0,South,106.16,0
407,11.75,14,404,1,4,3,20,0,North,115.0,0
408,7.96,16,1635,1,2,13,16,0,South,87.68,0
409,2.98,26,2496,0,5,10,4,1,North,62.84,0
410,4.07,40,882,1,5,14,14,0,West,92.56,1
411,8.18,11,1100,1,2,27,16,0,East,81.94,0
412,7.04,55,730,1,1,11,10,0,East,138.82,1
413,4.37,24,1887,0,3,27,15,0,East,70.96000000000001,0
414,1.58,30,558,0,1,17,20,1,East,57.64,0
415,6.52,53,911,0,1,12,14,1,East,131.66,1
416,9.19,17,878,1,1,16,5,1,South,99.02,0
417,2.2,42,517,1,4,26,1,1,East,80.6,1
418,8.6,31,440,0,5,8,15,1,North,115.3,1
419,7.78,44,392,1,5,10,19,1,South,128.24,1
420,5.62,30,460,1,1,27,6,1,West,89.96000000000001,0
421,11.12,27,2171,0,3,9,16,1,South,129.45999999999998,0
422,11.57,28,657,0,5,27,17,1,North,134.56,0
423,4.33,49,1150,0,2,27,12,0,East,108.14,1
424,3.62,33,606,0,2,7,8,0,South,78.46000000000001,1
425,6.66,59,747,0,3,24,10,0,East,141.78,1
426,7.58,58,1871,1,1,26,3,0,South,147.64,1
427,11.16,60,1991,1,2,15,7,0,South,179.28,1
428,8.88,21,1690,0,5,27,5,0,West,102.54,0
429,10.76,31,430,0,1,20,2,0,West,132.57999999999998,1
430,6.46,32,1215,1,4,12,7,1,South,99.68,1
431,8.97,52,918,0,5,14,14,0,North,149.76,1
432,4.76,32,2367,0,5,18,1,0,West,86.08,1
433,4.72,43,348,1,1,21,4,1,North,102.25999999999999,1
434,1.63,39,2268,0,4,19,7,0,North,71.53999999999999,1
435,10.35,41,2461,1,3,21,5,0,South,144.3,1
436,5.16,43,1646,1,2,22,5,0,South,105.78,1
437,11.69,21,462,1,5,24,3,1,South,125.02,0
438,11.52,25,839,0,2,4,4,0,West,129.66,0
439,11.35,25,1389,0,5,12,15,1,North,128.3,0
440,11.6,25,1640,0,4,4,7,1,South,130.3,0
441,6.6,20,1389,1,5,23,18,1,North,82.8,0
442,8.27,54,1009,0,5,17,5,0,West,147.16,1
443,11.89,37,1559,0,5,19,6,1,West,150.62,1
444,10.82,58,1766,1,1,12,8,1,South,173.56,1
445,8.49,19,2107,1,1,2,15,0,North,96.42,0
446,1.3,51,241,1,3,4,17,1,North,86.9,1
447,6.71,27,990,1,2,7,14,0,West,94.18,0
448,2.82,59,1371,0,2,28,6,0,South,111.06,1
449,6.86,36,2211,1,1,3,11,0,South,108.88,1
450,5.53,48,1601,0,4,3,16,1,South,116.24000000000001,1
451,11.91,24,1334,0,2,3,20,1,East,131.28,0
452,8.63,50,900,0,1,16,14,0,East,144.04000000000002,1
453,4.37,27,2137,0,5,5,1,1,West,75.46000000000001,0
454,8.54,17,498,0,3,1,4,0,South,93.82,0
455,10.99,49,1267,0,4,23,10,1,North,161.42000000000002,1
456,5.14,56,472,1,1,29,2,1,East,125.12,1
457,6.54,30,1585,0,1,11,16,0,South,97.32,0
458,11.4,57,2165,0,4,18,20,0,North,176.7,1
459,3.83,41,1165,0,1,1,9,1,West,92.14,1
460,1.11,41,1161,0,5,20,16,0,West,70.38,1
461,3.65,16,395,1,5,20,14,0,West,53.2,0
462,5.52,35,1164,0,4,12,13,1,South,96.66,1
463,1.27,37,1366,1,5,29,4,0,South,65.66,1
464,8.05,48,1856,1,5,6,4,0,West,136.4,1
465,6.95,56,699,0,1,15,3,1,North,139.6,1
466,5.88,18,1793,0,4,21,4,1,West,74.03999999999999,0
467,4.61,49,1211,1,2,12,4,0,East,110.38,1
468,1.83,57,462,1,4,20,3,1,South,100.14,1
469,6.38,12,2361,1,4,21,5,0,North,69.03999999999999,0
470,11.88,17,853,0,1,22,20,0,East,120.54,0
471,1.13,36,1057,1,2,9,14,0,South,63.04,1
472,10.21,19,1699,0,3,25,7,1,West,110.18,0
473,1.57,19,2045,1,5,25,20,0,South,41.06,0
474,2.8,45,340,1,2,9,5,0,East,89.9,1
475,11.62,25,2107,0,4,7,5,0,East,130.45999999999998,0
476,11.97,47,2323,1,4,17,7,1,North,166.26,1
477,11.58,59,1734,1,4,16,2,0,East,181.14,1
478,2.61,39,987,1,2,3,14,1,East,79.38,1
479,4.1,57,359,0,2,21,4,1,North,118.3,1
480,8.02,52,1054,0,2,7,14,1,South,142.16,1
481,11.8,54,957,0,1,3,6,1,South,175.4,1
482,2.89,25,870,1,2,29,7,0,South,60.620000000000005,0
483,1.03,60,1505,1,4,24,11,0,West,98.24,1
484,7.2,10,1968,1,1,12,1,1,South,72.6,0
485,8.35,10,2286,1,1,7,4,0,East,81.8,0
486,7.18,16,1134,1,3,18,14,1,North,81.44,0
487,11.59,56,1838,1,1,12,1,0,East,176.72,1
488,7.17,25,1265,1,4,23,11,0,East,94.86,0
489,6.21,54,877,1,2,3,17,1,South,130.68,1
490,1.13,28,656,0,4,29,8,1,West,51.04,0
491,7.76,11,1566,1,4,11,9,0,North,78.58,0
492,9.04,38,1206,1,1,25,17,1,West,129.32,1
493,8.5,36,1630,1,2,3,8,1,North,122.0,1
494,2.16,20,1691,1,2,13,9,0,West,47.28,0
495,9.2,20,1034,1,1,8,3,1,East,103.6,0
496,5.88,36,1100,0,3,6,19,0,South,101.03999999999999,1
497,2.85,55,1583,1,1,14,3,1,East,105.3,1
498,2.26,49,1708,0,1,27,20,1,East,91.58,1
499,2.64,24,1551,1,4,8,9,1,East,57.120000000000005,0
500,2.64,34,1422,0,3,9,19,1,North,72.12,1
501,8.76,58,1018,0,4,13,18,0,South,157.07999999999998,1
502,8.07,57,754,1,3,9,3,0,South,150.06,1
503,3.59,23,302,0,4,11,9,1,South,63.22,0
504,1.23,19,1156,0,2,16,13,1,West,38.34,0
505,10.98,51,757,0,3,20,11,1,West,164.34,1
506,5.67,15,1482,1,5,20,14,1,West,67.86,0
507,5.49,19,1072,1,3,29,7,1,West,72.42,0
508,8.05,34,1357,0,1,0,1,1,North,115.4,1
509,4.03,53,1636,0,3,9,7,1,South,111.74000000000001,1
510,5.18,23,1761,1,5,23,6,0,North,75.94,0
511,3.53,55,2261,1,4,7,14,1,West,110.74,1
512,6.72,53,1277,0,4,21,19,1,South,133.26,1
513,1.48,42,207,1,1,28,8,1,East,74.84,1
514,7.77,37,2243,0,1,19,7,1,West,117.66,1
515,11.56,45,1484,0,4,29,6,0,East,159.98000000000002,1
516,7.64,53,209,1,3,5,18,1,West,140.62,1
517,4.3,57,337,1,4,25,3,0,North,119.9,1
518,9.12,54,384,1,3,3,14,0,West,153.95999999999998,1
519,11.82,59,2455,0,2,3,5,0,East,183.06,1
520,8.98,52,237,1,1,3,9,1,West,149.84,1
521,11.32,32,231,1,4,24,7,1,South,138.56,1
522,5.61,33,1764,0,5,4,10,1,North,94.38,1
523,9.42,55,807,0,3,20,8,0,South,157.86,1
524,2.75,36,1794,0,1,15,8,1,North,76.0,1
525,1.88,36,1601,0,5,11,9,1,West,69.03999999999999,1
526,4.14,19,1640,1,3,18,15,1,East,61.62,0
527,2.06,10,246,1,5,28,12,0,North,31.48,0
528,5.16,59,1865,0,4,6,16,1,North,129.78,1
529,2.7,20,1593,0,5,1,18,0,West,51.6,0
530,2.09,26,1794,1,2,3,16,0,North,55.72,0
531,10.07,55,1499,1,5,25,11,1,North,163.06,1
532,9.65,52,1355,1,5,21,4,1,South,155.2,1
533,3.58,18,1761,0,3,14,15,0,South,55.64,0
534,11.03,13,1892,0,2,6,10,1,East,107.74,0
535,5.82,14,2220,1,2,28,17,0,North,67.56,0
536,9.05,23,2267,0,4,8,17,0,East,106.9,0
537,7.97,36,1164,0,5,6,4,0,South,117.75999999999999,1
538,8.07,26,1361,1,1,2,20,1,East,103.56,0
539,10.39,38,1877,1,1,5,16,1,East,140.12,1
540,4.77,37,1016,1,3,2,4,0,South,93.66,1
541,11.12,29,2113,1,3,23,16,1,West,132.45999999999998,0
542,10.87,56,1550,0,3,0,11,1,South,170.95999999999998,1
543,10.35,15,685,0,5,24,13,1,South,105.3,0
544,9.37,49,477,1,2,12,5,0,South,148.45999999999998,1
545,6.66,21,1711,1,5,21,12,1,West,84.78,0
546,9.2,43,1802,0,2,27,2,1,West,138.1,1
547,9.76,11,513,0,4,24,7,1,North,94.58,0
548,1.9,56,418,1,2,23,19,0,North,99.2,1
549,3.13,43,2444,0,4,28,6,0,South,89.53999999999999,1
550,2.85,48,719,1,1,21,14,0,East,94.8,1
551,7.49,27,540,1,5,18,1,1,North,100.42,0
552,7.05,25,723,0,1,23,2,1,West,93.9,0
553,2.99,34,976,0,3,6,7,0,East,74.92,1
554,4.47,60,897,0,4,14,17,0,South,125.75999999999999,1
555,10.66,26,384,1,5,3,18,1,North,124.28,0
556,7.34,41,1011,0,5,25,4,0,West,120.22,1
557,4.31,54,1800,1,2,0,11,1,East,115.47999999999999,1
558,1.21,42,1122,0,3,6,13,0,West,72.68,1
559,7.95,42,1948,0,2,9,1,1,West,126.6,1
560,7.31,13,621,1,1,9,3,0,East,77.97999999999999,0
561,1.08,41,1942,1,2,7,17,0,South,70.14,1
562,6.38,38,1783,1,2,17,16,0,North,108.03999999999999,1
563,9.22,43,1977,0,1,23,1,0,South,138.26,1
564,7.5,23,1988,0,3,27,5,1,North,94.5,0
565,2.81,37,2031,1,3,11,15,1,East,77.98,1
566,1.76,13,1473,1,3,2,12,1,West,33.58,0
567,5.34,27,1150,1,5,12,12,1,East,83.22,0
568,2.06,38,1460,0,3,3,18,1,East,73.48,1
569,11.74,19,1778,1,2,0,16,0,West,122.42,0
570,11.1,27,558,0,1,21,11,1,North,129.3,0
571,8.16,37,1766,0,5,0,20,0,West,120.78,1
572,9.25,33,201,0,4,1,7,1,East,123.5,1
573,5.12,21,1478,1,5,24,12,1,South,72.46000000000001,0
574,9.42,19,1968,0,2,3,6,0,East,103.86,0
575,10.66,59,591,0,5,28,16,0,East,173.78,1
576,3.24,42,973,1,2,12,19,1,East,88.92,1
577,11.16,35,1098,1,1,2,5,0,North,141.78,1
578,7.99,39,1964,1,4,8,6,1,South,122.42,1
579,4.67,29,1593,0,3,6,17,0,East,80.86,0
580,9.55,57,1274,0,3,26,7,1,North,161.9,1
581,2.22,42,2477,1,5,16,2,0,East,80.76,1
582,3.47,18,701,0,2,16,14,0,North,54.760000000000005,0
583,9.81,41,1091,0,3,17,2,1,West,139.98000000000002,1
584,8.92,17,939,1,3,26,7,1,East,96.86,0
585,10.55,40,636,1,5,7,3,0,West,144.4,1
586,9.29,57,2008,1,4,20,15,1,South,159.82,1
587,10.06,23,811,1,4,28,20,0,West,114.98,0
588,1.06,58,561,0,5,4,10,0,West,95.48,1
589,7.65,28,1478,0,1,20,1,1,West,103.2,0
590,9.78,40,709,0,3,24,14,0,North,138.24,1
591,2.19,58,1756,1,5,30,18,1,North,104.52,1
592,4.22,34,1602,1,3,25,3,0,North,84.75999999999999,1
593,6.41,39,1286,0,2,29,5,1,North,109.78,1
594,2.65,43,860,1,5,25,13,1,South,85.7,1
595,3.27,22,2155,0,2,30,20,0,North,59.16,0
596,6.12,19,961,1,3,9,4,1,West,77.46000000000001,0
597,2.15,54,1284,0,4,25,4,1,North,98.2,1
598,1.3,17,835,0,2,11,10,0,South,35.9,0
599,5.93,21,1798,1,5,26,14,0,North,78.94,0
600,6.14,19,2432,0,4,3,9,1,North,77.62,0
601,9.47,23,2397,1,5,21,1,0,North,110.26,0
602,11.04,22,1205,1,1,2,11,0,North,121.32,0
603,3.38,53,886,0,2,14,7,1,West,106.53999999999999,1
604,6.77,17,328,0,5,11,15,0,North,79.66,0
605,8.27,47,2230,0,3,1,3,1,East,136.66,1
606,11.51,44,1373,1,2,11,17,0,North,158.07999999999998,1
607,2.61,30,1736,1,4,19,7,1,South,65.88,0
608,1.53,12,443,1,1,8,3,1,South,30.240000000000002,0
609,1.38,27,2299,0,4,25,20,0,South,51.54,0
610,9.4,39,1610,0,1,29,2,0,South,133.7,1
611,8.21,33,501,0,1,14,6,0,South,115.18,1
612,10.03,33,1968,1,5,21,20,1,South,129.74,1
613,1.09,52,1613,0,5,21,8,1,North,86.72,1
614,5.96,44,2364,0,2,11,14,1,East,113.68,1
615,7.68,26,725,0,4,26,2,0,North,100.44,0
616,2.32,50,1514,0,3,0,5,0,East,93.56,1
617,1.98,36,1296,0,4,17,6,0,East,69.84,1
618,10.3,22,678,0,2,6,8,1,South,115.4,0
619,9.33,44,1558,0,2,20,2,0,North,140.64,1
620,1.32,44,1959,1,2,19,8,0,South,76.56,1
621,4.18,25,2204,1,1,30,18,0,East,70.94,0
622,1.9,51,2366,1,3,15,16,0,North,91.7,1
623,11.33,23,1856,0,1,27,2,1,South,125.14,0
624,11.76,53,1634,0,4,27,18,0,North,173.57999999999998,1
625,2.67,35,650,0,1,10,17,1,East,73.86,1
626,10.85,26,413,1,1,2,5,0,North,125.8,0
627,4.16,13,1817,0,2,21,11,0,North,52.78,0
628,9.39,20,473,1,5,11,13,0,South,105.12,0
629,7.82,44,1300,0,5,13,19,1,West,128.56,1
630,8.29,19,301,0,4,30,4,0,West,94.82,0
631,4.05,22,1446,1,3,16,3,0,West,65.4,0
632,1.6,49,889,0,3,4,13,1,East,86.3,1
633,11.06,49,2291,0,5,29,19,1,North,161.98000000000002,1
634,8.99,23,1759,0,1,24,8,0,East,106.42,0
635,5.72,51,2132,1,5,1,16,1,East,122.25999999999999,1
636,3.85,54,1265,1,1,17,20,1,South,111.8,1
637,2.01,29,1000,0,2,20,15,1,North,59.58,0
638,3.6,33,1197,1,3,29,16,0,East,78.3,1
639,4.1,44,1850,0,3,15,16,1,West,98.8,1
640,8.89,42,345,1,5,26,19,1,South,134.12,1
641,8.74,27,520,0,1,16,18,0,North,110.42,0
642,3.12,34,793,1,3,2,15,0,West,75.96000000000001,1
643,6.65,38,2162,0,2,10,11,0,North,110.2,1
644,8.78,20,466,0,1,16,14,0,East,100.24,0
645,7.13,26,1371,0,5,16,5,1,North,96.03999999999999,0
646,1.48,28,1140,0,1,27,12,0,North,53.84,0
647,2.33,55,2069,0,5,20,3,1,South,101.14,1
648,6.68,35,2358,1,2,1,12,1,East,105.94,1
649,11.77,30,2089,1,2,5,12,0,North,139.16,0
650,6.4,57,1943,1,3,23,18,1,West,136.7,1
651,7.23,26,1505,1,3,17,8,0,South,96.84,0
652,10.22,26,351,1,2,8,6,0,South,120.76,0
653,9.72,53,1553,1,5,11,9,0,West,157.26,1
654,7.0,54,2326,0,4,24,16,0,North,137.0,1
655,6.7,30,1373,1,3,6,7,1,South,98.6,0
656,8.72,60,944,0,3,3,5,0,East,159.76,1
657,8.75,18,1533,1,2,10,8,1,North,97.0,0
658,2.66,35,2273,0,3,0,17,1,East,73.78,1
659,3.3,19,288,1,4,29,3,1,South,54.9,0
660,11.91,58,504,0,3,19,16,0,South,182.28,1
661,1.49,24,223,0,1,27,9,0,East,47.92,0
662,2.7,25,2068,0,1,22,9,0,East,59.1,0
663,5.52,25,1639,1,3,19,20,1,South,81.66,0
664,3.67,15,378,1,2,27,10,0,West,51.86,0
665,4.95,19,1179,1,5,3,18,0,South,68.1,0
666,1.28,17,2059,0,3,26,5,1,North,35.74,0
667,11.07,51,1132,0,3,7,6,1,North,165.06,1
668,9.92,56,1895,0,4,29,7,0,North,163.36,1
669,8.42,12,232,0,4,23,1,0,West,85.36,0
670,4.85,44,621,0,5,4,5,1,West,104.8,1
671,1.57,20,1695,1,3,9,9,0,West,42.56,0
672,11.58,17,1604,0,2,24,2,0,North,118.14,0
673,4.45,55,2062,1,3,14,9,0,West,118.1,1
674,3.43,18,637,0,1,17,2,1,North,54.44,0
675,4.14,49,424,0,4,13,6,1,East,106.62,1
676,3.48,27,447,1,4,29,19,1,South,68.34,0
677,3.11,38,1379,1,2,21,3,0,North,81.88,1
678,10.95,57,1018,1,2,25,1,0,North,173.1,1
679,5.22,12,693,1,3,21,9,1,North,59.76,0
680,10.0,19,823,1,1,11,14,0,North,108.5,0
681,7.69,26,405,0,4,16,5,1,West,100.52000000000001,0
682,9.35,33,327,1,1,30,19,0,East,124.3,1
683,6.3,26,1157,1,5,6,10,0,North,89.4,0
684,7.46,60,2319,0,2,2,11,1,East,149.68,1
685,2.81,15,754,1,4,14,9,0,West,44.980000000000004,0
686,2.54,15,2068,1,1,9,1,1,West,42.82,0
687,7.12,38,795,1,4,11,18,0,South,113.96000000000001,1
688,6.01,14,647,1,1,6,2,0,East,69.08,0
689,2.14,58,389,0,1,18,10,0,West,104.12,1
690,5.45,49,1599,0,1,8,10,0,North,117.1,1
691,6.92,21,844,0,3,26,7,0,East,86.86,0
692,1.56,14,766,0,5,26,7,0,North,33.480000000000004,0
693,9.61,54,776,0,4,12,5,0,East,157.88,1
694,2.39,36,1235,0,4,5,16,1,South,73.12,1
695,8.07,41,1705,1,5,9,16,1,West,126.06,1
696,5.9,54,696,0,1,20,9,0,East,128.2,1
697,11.91,13,2066,1,3,10,1,0,East,114.78,0
698,3.21,30,644,0,3,2,2,0,South,70.68,0
699,3.54,30,682,1,4,22,6,0,East,73.32,0
700,11.4,11,998,1,5,17,5,1,West,107.7,0
701,2.58,20,933,1,4,2,1,1,South,50.64,0
702,1.19,21,1830,1,5,20,16,0,East,41.019999999999996,0
703,11.26,20,420,1,1,15,12,0,North,120.08,0
704,5.72,51,528,0,1,24,11,0,North,122.25999999999999,1
705,10.38,31,1513,1,4,29,12,1,East,129.54000000000002,1
706,1.68,14,1588,1,5,19,12,1,North,34.44,0
707,4.4,45,994,1,2,9,17,0,West,102.7,1
708,8.46,53,2375,0,1,14,2,0,West,147.18,1
709,6.15,38,1987,0,5,16,7,1,West,106.2,1
710,10.18,35,745,1,4,0,13,1,West,133.94,1
711,9.68,46,611,1,5,22,4,1,South,146.44,1
712,10.06,22,1967,0,2,17,18,1,West,113.48,0
713,5.45,27,2257,1,5,30,9,0,East,84.1,0
714,3.31,15,2003,1,4,17,15,1,East,48.980000000000004,0
715,3.56,23,892,1,2,29,10,0,North,62.980000000000004,0
716,10.06,52,488,1,1,24,15,0,East,158.48000000000002,1
717,6.18,39,229,1,4,19,10,0,East,107.94,1
718,5.76,60,2292,1,3,11,19,0,East,136.07999999999998,1
719,10.16,54,1223,0,1,5,3,0,South,162.28,1
720,2.77,27,1451,0,1,5,6,1,East,62.66,0
721,7.84,50,993,0,5,4,7,1,East,137.72,1
722,1.56,51,815,0,4,21,19,1,East,88.98,1
723,1.24,19,2186,0,5,22,9,0,South,38.42,0
724,11.11,22,2324,0,1,3,12,1,West,121.88,0
725,2.63,44,415,1,4,14,7,0,West,87.03999999999999,1
726,10.23,26,1866,0,2,19,16,0,East,120.84,0
727,2.1,19,600,0,2,16,5,0,North,45.3,0
728,5.44,17,2378,0,1,8,7,0,East,69.02000000000001,0
729,10.59,34,625,0,2,30,1,0,South,135.72,1
730,6.05,15,1832,0,3,30,18,1,South,70.9,0
731,7.12,32,654,1,3,5,14,0,North,104.96000000000001,1
732,9.17,10,367,1,3,14,8,0,South,88.36,0
733,10.46,15,2170,1,1,26,11,0,North,106.18,0
734,3.42,26,334,0,2,24,3,0,West,66.36,0
735,10.8,18,1732,0,2,27,18,0,North,113.4,0
736,2.73,47,1768,1,5,23,6,0,South,92.34,1
737,5.97,24,585,1,5,15,10,0,West,83.75999999999999,0
738,2.51,21,1593,0,3,10,17,1,North,51.58,0
739,3.45,28,963,1,4,8,13,0,South,69.6,0
740,5.08,14,1636,1,1,9,15,1,West,61.64,0
741,5.95,27,643,1,1,27,17,0,North,88.1,0
742,11.05,47,1916,1,3,2,18,0,North,158.9,1
743,1.7,43,851,0,1,11,9,0,West,78.1,1
744,1.03,60,1125,1,2,17,5,1,South,98.24,1
745,3.19,46,1056,1,4,10,14,1,East,94.52,1
746,7.48,34,472,1,2,22,17,1,West,110.84,1
747,2.1,56,601,0,5,1,8,1,West,100.8,1
748,4.23,30,468,0,4,10,1,0,East,78.84,0
749,3.52,21,2240,1,2,9,2,0,South,59.66,0
750,6.29,46,705,1,3,25,15,1,South,119.32,1
751,6.19,53,1410,1,5,10,17,1,North,129.02,1
752,3.71,18,1432,1,2,8,14,1,East,56.68,0
753,11.38,31,302,1,5,28,18,0,West,137.54000000000002,1
754,5.58,16,2253,1,5,18,9,1,North,68.64,0
755,9.41,11,1161,1,3,24,4,0,South,91.78,0
756,6.2,43,519,0,4,2,7,0,West,114.1,1
757,7.74,31,849,0,3,20,11,1,South,108.42,1
758,8.02,39,771,0,5,30,4,1,West,122.66,1
759,5.59,52,2092,0,3,16,18,0,North,122.72,1
760,3.25,31,1632,1,3,27,11,1,North,72.5,1
761,2.83,29,1824,0,2,7,5,0,East,66.14,0
762,6.49,31,868,1,2,23,7,1,North,98.42,1
763,6.11,25,2495,0,2,25,8,1,East,86.38,0
764,6.86,34,1487,0,4,30,16,0,North,105.88,1
765,6.38,59,999,1,5,26,1,1,East,139.54,1
766,5.74,39,1682,1,4,3,13,1,South,104.42,1
767,7.76,57,1318,0,1,12,5,1,West,147.57999999999998,1
768,6.98,42,1039,0,4,25,13,1,North,118.84,1
769,10.15,10,728,0,1,11,6,1,South,96.2,0
770,3.48,32,1831,0,3,27,18,1,North,75.84,1
771,8.41,52,1468,1,5,3,3,0,North,145.28,1
772,3.54,43,2295,0,3,9,9,1,North,92.82,1
773,1.32,13,422,1,1,7,19,0,West,30.060000000000002,0
774,5.64,50,404,0,4,18,8,0,East,120.12,1
775,6.56,16,874,1,3,21,16,0,South,76.47999999999999,0
776,6.88,34,304,1,1,2,15,1,South,106.03999999999999,1
777,5.53,21,1399,1,1,14,20,0,North,75.74000000000001,0
778,3.64,10,1083,0,2,19,1,1,East,44.120000000000005,0
779,8.66,58,956,0,3,8,6,0,South,156.28,1
780,11.59,11,1279,1,4,2,7,0,South,109.22,0
781,8.16,55,865,0,4,27,13,1,West,147.78,1
782,2.8,56,1618,1,5,14,1,0,South,106.4,1
783,10.04,33,2338,0,1,15,14,1,West,129.82,1
784,4.12,10,968,1,4,29,8,1,South,47.96,0
785,1.16,38,1285,1,1,7,8,1,West,66.28,1
786,1.96,43,2109,1,4,0,14,0,West,80.18,1
787,11.79,47,312,1,5,28,7,0,North,164.82,1
788,1.46,19,2032,1,2,13,7,0,East,40.18,0
789,4.03,54,1417,0,3,3,6,0,East,113.24000000000001,1
790,1.18,29,1720,0,5,28,13,1,North,52.94,0
791,3.85,31,1154,1,1,9,7,1,West,77.3,1
792,2.99,14,397,0,4,1,2,1,East,44.92,0
793,1.48,34,2059,1,3,29,10,0,East,62.84,1
794,6.98,31,1964,1,4,22,14,1,West,102.34,1
795,3.98,44,850,1,1,21,12,1,East,97.84,1
796,10.97,47,2008,1,5,22,5,1,West,158.26,1
797,6.08,56,420,0,3,21,10,0,North,132.64,1
798,9.69,59,2184,0,3,29,10,1,North,166.01999999999998,1
799,2.59,37,1924,1,5,10,2,1,East,76.22,1
800,1.4,19,480,0,3,5,15,1,South,39.7,0
801,9.55,37,2446,0,1,30,8,1,West,131.9,1
802,2.56,18,1627,0,5,22,4,0,South,47.480000000000004,0
803,5.79,32,2386,1,5,12,10,0,North,94.32,1
804,5.2,45,1456,1,1,24,12,0,North,109.1,1
805,11.44,39,1786,0,3,22,1,0,South,150.01999999999998,1
806,11.88,30,697,0,3,27,20,0,West,140.04000000000002,0
807,1.93,29,1202,0,3,5,15,0,North,58.94,0
808,4.74,12,1769,1,4,30,2,0,South,55.92,0
809,4.14,42,635,0,2,17,14,1,North,96.12,1
810,1.49,22,1949,0,4,27,20,1,West,44.92,0
811,4.78,51,913,0,2,27,19,0,North,114.74000000000001,1
812,8.6,13,1592,0,1,6,7,0,East,88.3,0
813,3.48,33,293,0,2,6,14,1,East,77.34,1
814,11.09,15,1965,0,3,1,4,0,West,111.22,0
815,8.23,46,293,1,4,4,1,1,North,134.84,1
816,8.33,31,924,1,2,21,16,0,North,113.14,1
817,3.25,33,1440,1,2,2,4,1,West,75.5,1
818,2.49,34,2114,1,1,6,13,0,South,70.92,1
819,3.02,47,1387,1,1,24,7,0,East,94.66,1
820,4.26,34,828,0,2,26,4,0,South,85.08,1
821,5.8,25,444,0,5,24,5,1,East,83.9,0
822,2.26,52,1215,0,1,18,19,1,East,96.08,1
823,5.39,25,1279,0,3,26,10,1,East,80.62,0
824,8.59,22,1791,1,2,19,10,0,West,101.72,0
825,3.88,18,575,1,1,20,18,1,South,58.04,0
826,10.96,55,1243,1,5,26,7,1,North,170.18,1
827,2.79,16,1037,1,2,17,6,1,West,46.32,0
828,2.97,47,1095,0,5,14,8,1,South,94.26,1
829,1.72,11,370,0,1,7,3,1,South,30.259999999999998,0
830,2.28,33,2252,1,1,30,2,1,North,67.74,1
831,6.75,34,1933,1,2,17,13,1,East,105.0,1
832,3.49,22,1424,0,2,2,7,1,East,60.92,0
833,3.34,37,2422,1,2,6,3,1,West,82.22,1
834,6.61,21,2483,0,5,20,7,1,North,84.38,0
835,3.27,37,1128,0,4,26,18,1,North,81.66,1
836,2.47,26,1409,0,3,3,2,1,East,58.760000000000005,0
837,3.34,17,1509,0,5,24,15,1,West,52.22,0
838,10.36,38,1272,1,3,25,5,1,North,139.88,1
839,4.17,44,349,1,4,10,4,0,West,99.36,1
840,3.13,38,1755,1,1,3,11,1,East,82.03999999999999,1
841,1.71,19,2415,1,1,7,14,1,South,42.18,0
842,8.55,30,845,1,5,13,16,0,South,113.4,0
843,7.62,19,1954,0,1,3,8,0,East,89.46000000000001,0
844,1.43,33,1421,0,5,20,10,1,East,60.94,1
845,9.55,16,769,1,2,3,11,0,East,100.4,0
846,3.17,26,1154,1,1,20,18,1,North,64.36,0
847,10.7,33,720,0,5,15,12,1,South,135.1,1
848,8.22,22,231,0,4,19,2,1,West,98.76,0
849,5.15,33,795,1,2,19,16,0,North,90.7,1
850,6.38,34,256,0,3,29,8,1,North,102.03999999999999,1
851,9.78,14,975,1,2,22,8,1,North,99.24,0
852,10.11,27,2414,0,3,28,20,0,North,121.38,0
853,9.48,45,1955,0,2,4,13,0,North,143.34,1
854,2.47,53,1599,1,5,24,20,1,South,99.26,1
855,9.54,47,1136,1,4,6,1,1,North,146.82,1
856,1.93,36,1011,1,5,21,18,1,South,69.44,1
857,10.18,14,2283,0,2,15,20,0,South,102.44,0
858,4.69,34,2200,0,4,18,9,0,North,88.52000000000001,1
859,9.65,52,480,1,3,17,4,0,East,155.2,1
860,1.4,49,1864,0,5,4,16,1,North,84.7,1
861,1.99,47,2414,0,2,17,17,0,South,86.42,1
862,6.24,31,435,1,4,12,15,0,West,96.42,1
863,8.54,30,882,1,2,7,11,1,North,113.32,0
864,10.27,55,2271,0,2,25,5,0,West,164.66,1
865,5.83,44,2369,0,2,12,12,1,North,112.64,1
866,2.94,16,961,1,4,30,11,0,East,47.519999999999996,0
867,6.41,26,1787,1,5,25,11,1,East,90.28,0
868,1.98,18,1807,1,2,30,13,0,South,42.84,0
869,11.87,31,2464,0,3,17,1,0,East,141.45999999999998,1
870,3.16,20,1960,0,2,22,15,1,North,55.28,0
871,3.37,38,952,1,4,24,4,1,West,83.96000000000001,1
872,2.22,16,841,0,3,24,14,0,East,41.760000000000005,0
873,3.38,40,1628,1,5,4,10,1,North,87.03999999999999,1
874,9.25,26,1682,0,1,25,11,0,East,113.0,0
875,1.93,59,2107,0,3,22,11,1,North,103.94,1
876,4.73,42,1447,1,5,10,10,0,East,100.84,1
877,6.51,56,502,0,3,12,5,1,North,136.07999999999998,1
878,1.32,16,715,1,4,19,16,0,West,34.56,0
879,3.83,53,906,1,2,21,12,0,East,110.14,1
880,2.97,31,1450,0,5,16,3,0,South,70.26,1
881,7.5,47,1820,0,2,3,13,1,West,130.5,1
882,1.5,58,623,1,3,14,18,1,East,99.0,1
883,3.41,29,2199,1,4,18,3,1,South,70.78,0
884,9.41,52,1200,0,5,22,4,0,West,153.28,1
885,2.14,49,718,1,1,12,13,1,West,90.62,1
886,2.27,38,920,0,2,14,11,1,East,75.16,1
887,6.93,15,2127,0,1,22,9,0,West,77.94,0
888,7.17,13,1784,0,3,5,7,1,West,76.86,0
889,11.2,20,1905,1,5,7,14,0,North,119.6,0
890,2.54,59,2391,1,3,23,13,1,East,108.82,1
891,4.81,37,519,1,1,13,11,1,East,93.97999999999999,1
892,2.19,24,631,0,1,20,19,0,West,53.519999999999996,0
893,8.99,47,629,1,3,19,5,0,West,142.42000000000002,1
894,2.55,14,1877,0,1,25,20,0,West,41.4,0
895,6.57,17,1498,0,1,12,18,0,North,78.06,0
896,6.18,22,2394,0,2,4,9,1,West,82.44,0
897,11.36,15,892,1,2,13,19,0,East,113.38,0
898,8.98,47,1526,1,1,30,14,1,East,142.34,1
899,7.03,42,296,0,5,16,8,0,East,119.24000000000001,1
900,11.02,13,1544,1,2,2,14,0,North,107.66,0
901,6.73,27,2469,1,4,28,4,0,East,94.34,0
902,3.09,12,1605,1,1,14,10,1,North,42.72,0
903,1.6,40,2015,1,4,3,9,0,South,72.8,1
904,5.53,10,1766,0,2,3,10,0,East,59.24,0
905,4.27,12,404,0,3,1,8,0,West,52.16,0
906,4.54,16,1222,0,1,5,13,1,South,60.32,0
907,4.73,26,1088,1,4,30,3,0,West,76.84,0
908,9.45,11,1414,1,3,7,1,1,North,92.1,0
909,1.58,56,2157,1,1,21,9,0,East,96.64,1
910,8.31,38,621,0,2,20,3,0,West,123.48,1
911,8.61,21,625,1,1,7,13,1,West,100.38,0
912,4.2,18,1910,1,3,20,3,0,South,60.6,0
913,4.11,39,2019,1,3,8,20,1,South,91.38,1
914,3.2,44,2331,0,4,17,6,1,East,91.6,1
915,3.1,49,2342,1,2,18,1,0,South,98.3,1
916,9.6,54,1715,0,3,20,2,0,South,157.8,1
917,6.17,40,853,1,3,2,11,0,East,109.36,1
918,3.1,54,604,0,1,17,18,0,North,105.8,1
919,2.65,54,407,0,3,4,4,0,South,102.2,1
920,1.02,47,1446,1,3,9,6,0,South,78.66,1
921,7.95,41,2134,0,4,3,16,0,East,125.1,1
922,9.54,53,874,1,5,9,14,0,North,155.82,1
923,6.96,40,1950,0,3,6,5,0,West,115.68,1
924,10.42,46,2197,1,2,0,6,1,East,152.36,1
925,3.35,23,654,1,4,14,17,0,South,61.3,0
926,7.83,22,1025,1,1,30,1,0,West,95.64,0
927,2.28,41,983,0,5,22,14,1,East,79.74,1
928,1.1,47,1948,1,4,26,5,0,East,79.3,1
929,6.27,52,1547,1,3,23,20,1,North,128.16,1
930,2.44,41,2101,0,3,25,1,0,West,81.02,1
931,2.32,20,385,0,1,28,14,1,East,48.56,0
932,8.84,40,271,1,2,20,5,1,East,130.72,1
933,10.66,38,1889,0,1,8,7,0,North,142.28,1
934,1.92,20,1728,1,3,28,12,1,North,45.36,0
935,8.66,47,701,1,5,14,6,0,North,139.78,1
936,8.04,50,2335,1,3,9,14,0,South,139.32,1
937,11.72,60,969,1,5,21,10,0,East,183.76,1
938,6.85,57,854,1,4,23,2,0,West,140.3,1
939,7.05,39,697,1,4,2,4,1,East,114.9,1
940,10.42,15,393,1,4,6,14,1,North,105.86,0
941,2.85,56,1339,1,1,12,9,1,West,106.8,1
942,7.2,20,1209,0,5,3,10,0,East,87.6,0
943,4.69,12,1526,1,4,27,15,1,East,55.52,0
944,9.61,42,1542,1,3,29,17,1,North,139.88,1
945,7.72,30,574,0,2,23,5,0,West,106.75999999999999,0
946,4.99,32,1595,1,3,3,9,0,North,87.92,1
947,4.01,55,872,1,5,24,12,1,West,114.58,1
948,8.11,44,1402,0,4,20,17,1,South,130.88,1
949,1.09,57,1270,0,5,10,19,1,West,94.22,1
950,1.59,20,924,0,1,8,18,1,East,42.72,0
951,10.0,38,845,1,3,9,17,0,West,137.0,1
952,6.36,60,1953,1,5,14,7,0,North,140.88,1
953,10.92,10,1524,1,2,12,13,0,South,102.36,0
954,11.01,57,1092,1,4,6,5,0,South,173.57999999999998,1
955,8.86,59,1286,0,2,8,18,1,West,159.38,1
956,3.2,31,1558,1,3,28,16,1,West,72.1,1
957,3.68,56,366,0,3,24,1,1,West,113.44,1
958,2.3,41,1896,0,4,7,3,1,West,79.9,1
959,7.94,44,1424,0,2,18,8,0,East,129.52,1
960,9.15,26,318,0,4,4,5,0,South,112.2,0
961,6.83,23,1710,1,1,18,9,1,North,89.14,0
962,7.95,30,2404,1,2,5,20,0,North,108.6,0
963,1.43,40,1573,0,4,21,12,1,South,71.44,1
964,4.27,16,2020,1,1,2,14,1,North,58.16,0
965,7.65,31,981,1,2,11,4,1,North,107.7,1
966,7.13,34,278,0,4,17,3,0,North,108.03999999999999,1
967,9.94,51,1279,0,3,22,3,1,West,156.01999999999998,1
968,8.62,22,571,1,4,21,4,1,West,101.96,0
969,10.27,23,926,1,4,29,6,1,North,116.66,0
970,6.91,20,854,0,4,24,17,0,South,85.28,0
971,7.73,42,1732,0,3,29,20,0,South,124.84,1
972,6.73,18,1910,0,3,23,11,0,West,80.84,0
973,10.25,43,1925,1,3,17,7,0,South,146.5,1
974,5.87,45,927,0,3,7,19,1,East,114.46000000000001,1
975,3.38,46,1682,0,5,16,12,1,East,96.03999999999999,1
976,7.21,18,494,1,2,14,16,1,South,84.68,0
977,2.13,45,1040,1,2,8,15,1,South,84.53999999999999,1
978,9.33,56,2410,1,2,4,10,1,West,158.64,1
979,7.75,20,381,1,2,21,11,0,West,92.0,0
980,8.74,52,328,0,5,0,5,1,West,147.92000000000002,1
981,8.18,16,2445,0,2,30,6,0,East,89.44,0
982,4.89,53,1840,1,2,21,13,0,North,118.62,1
983,3.45,21,2394,1,3,12,11,1,East,59.1,0
984,10.47,17,755,1,1,12,3,0,East,109.26,0
985,9.03,41,1220,0,2,0,8,0,East,133.74,1
986,3.32,43,2335,1,1,12,15,1,East,91.06,1
987,4.94,17,235,0,2,12,11,1,North,65.02000000000001,0
988,11.69,27,798,1,5,13,12,1,North,134.01999999999998,0
989,8.32,44,1870,0,4,21,2,1,East,132.56,1
990,9.19,22,2280,0,1,1,16,1,North,106.52,0
991,1.77,24,2473,1,2,27,1,0,North,50.16,0
992,3.31,55,1741,0,5,8,13,0,North,108.98,1
993,4.63,29,992,1,4,26,4,1,West,80.53999999999999,0
994,6.51,12,1041,0,5,0,18,1,South,70.08,0
995,6.82,32,2369,1,3,0,10,0,South,102.56,1
996,4.26,46,1431,1,5,0,16,1,East,103.08,1
997,8.37,13,1163,1,2,21,7,1,North,86.46,0
998,9.45,23,2250,0,1,13,5,1,South,110.1,0
999,11.51,19,2127,1,5,21,10,0,East,120.58,0
1000,7.58,53,2021,0,1,28,6,1,South,140.14,1
1001,8.03,22,1036,0,4,23,12,1,West,97.24,0
1002,9.76,51,757,1,4,28,4,1,North,154.57999999999998,1
1003,5.52,31,343,0,5,20,9,0,South,90.66,1
1004,10.0,35,2114,0,2,2,16,0,East,132.5,1
1005,5.49,51,564,1,1,2,19,1,North,120.42,1
1006,8.27,11,512,1,1,27,8,1,North,82.66,0
1007,5.59,13,1807,1,5,25,16,0,North,64.22,0
1008,11.64,39,2298,1,5,11,6,1,North,151.62,1
1009,10.4,36,1778,1,5,0,15,1,East,137.2,1
1010,5.12,31,2297,0,2,27,17,0,South,87.46000000000001,1
1011,2.13,46,634,1,4,0,4,1,North,86.03999999999999,1
1012,2.97,24,1376,1,5,21,6,1,West,59.760000000000005,0
1013,8.55,30,1307,0,1,21,20,1,West,113.4,0
1014,10.69,46,2194,1,4,8,11,1,West,154.51999999999998,1
1015,4.02,33,336,1,1,23,12,0,North,81.66,1
1016,5.93,48,1658,0,3,29,6,1,West,119.44,1
1017,6.62,10,659,0,5,17,12,1,South,67.96000000000001,0
1018,3.57,14,2365,0,1,0,14,1,East,49.56,0
1019,3.49,57,993,0,4,3,13,0,West,113.42,1
1020,2.7,26,968,0,3,10,8,1,South,60.6,0
1021,7.95,14,1697,0,3,16,1,1,East,84.6,0
1022,8.85,36,2214,1,3,16,5,0,West,124.8,1
1023,3.84,15,1738,0,1,2,1,1,North,53.22,0
1024,2.78,39,675,1,2,29,14,1,South,80.74,1
1025,10.2,17,874,1,4,21,10,1,North,107.1,0
1026,11.51,59,2203,0,4,18,2,1,South,180.57999999999998,1
1027,9.72,16,2337,1,4,29,18,1,East,101.76,0
1028,1.82,20,779,0,5,24,17,1,South,44.56,0
1029,11.92,49,1647,1,2,8,10,1,West,168.86,1
1030,8.56,17,377,0,3,23,13,0,South,93.98,0
1031,8.44,17,2253,0,4,11,9,1,North,93.02,0
1032,6.42,60,1851,0,1,23,4,1,South,141.36,1
1033,6.12,51,1991,1,1,23,11,1,East,125.46000000000001,1
1034,8.55,58,1701,1,2,9,4,0,North,155.4,1
1035,10.05,48,615,0,4,7,10,0,West,152.4,1
1036,3.58,52,1095,0,2,29,19,0,West,106.64,1
1037,9.69,54,2159,1,4,21,15,1,South,158.51999999999998,1
1038,4.73,50,215,1,2,16,10,1,South,112.84,1
1039,6.3,20,2391,0,1,28,14,0,West,80.4,0
1040,8.8,45,1939,0,3,3,15,0,West,137.9,1
1041,10.63,14,2144,0,2,23,19,0,West,106.04,0
1042,4.98,58,765,0,2,30,10,0,South,126.84,1
1043,2.32,53,215,1,5,18,1,0,North,98.06,1
1044,11.91,25,1458,1,1,19,4,0,North,132.78,0
1045,3.04,57,2044,0,2,17,11,0,West,109.82,1
1046,1.12,16,1251,0,1,7,11,1,South,32.96,0
1047,9.23,21,1229,1,1,11,13,0,South,105.34,0
1048,5.49,50,316,1,1,4,15,0,East,118.92,1
1049,5.01,26,737,0,3,9,4,1,West,79.08,0
1050,5.49,42,455,0,4,11,8,0,East,106.92,1
1051,9.09,57,2165,1,1,12,11,1,West,158.22,1
1052,5.57,26,2303,1,5,6,5,0,East,83.56,0
1053,1.77,15,2390,1,2,29,20,0,West,36.66,0
1054,1.19,49,2165,0,5,2,20,1,South,83.02,1
1055,11.59,43,1864,1,5,5,14,1,West,157.22,1
1056,2.41,28,940,0,2,12,17,1,East,61.28,0
1057,1.23,58,424,0,5,9,7,0,South,96.84,1
1058,11.63,43,2364,0,2,17,2,0,West,157.54000000000002,1
1059,1.33,21,2277,1,4,2,14,1,North,42.14,0
1060,4.26,44,1131,0,1,16,6,0,South,100.08,1
1061,4.11,15,712,0,1,7,17,1,South,55.38,0
1062,4.12,33,2497,1,5,19,15,0,South,82.46000000000001,1
1063,6.93,54,2486,0,1,14,11,1,West,136.44,1
1064,5.22,13,1889,1,1,9,6,0,East,61.26,0
1065,8.05,51,2298,0,4,20,13,1,East,140.9,1
1066,2.95,25,859,0,4,30,20,0,West,61.1,0
1067,6.11,14,1734,0,1,2,5,1,North,69.88,0
1068,7.12,58,1425,0,1,9,6,1,North,143.96,1
1069,1.77,13,249,0,1,24,9,1,South,33.66,0
1070,5.18,59,1252,0,1,28,9,1,West,129.94,1
1071,6.83,35,267,1,1,9,5,0,South,107.14,1
1072,5.01,39,1339,1,5,29,10,0,North,98.58,1
1073,6.62,48,509,1,4,2,3,0,North,124.96000000000001,1
1074,11.5,55,1197,0,2,25,19,0,West,174.5,1
1075,4.69,48,2452,0,3,0,14,1,East,109.52000000000001,1
1076,11.31,46,1580,1,1,12,5,1,West,159.48000000000002,1
1077,10.93,23,1247,1,4,2,11,0,West,121.94,0
1078,7.33,53,1960,1,5,2,14,0,West,138.14,1
1079,6.34,31,1660,1,4,17,16,0,North,97.22,1
1080,1.69,48,2100,1,2,13,16,0,North,85.52,1
1081,5.76,56,1013,1,4,7,7,0,West,130.07999999999998,1
1082,10.23,56,975,1,4,14,6,1,East,165.84,1
1083,4.6,56,2036,0,4,27,3,1,North,120.8,1
1084,5.3,18,1030,0,1,25,8,1,South,69.4,0
1085,6.78,19,2140,1,3,13,12,0,South,82.74000000000001,0
1086,5.36,35,2022,1,2,3,2,1,East,95.38,1
1087,2.19,34,2334,0,5,20,16,0,West,68.52,1
1088,7.74,26,1286,0,1,0,5,1,West,100.92,0
1089,11.04,19,1613,1,2,14,12,1,North,116.82,0
1090,7.82,35,2049,1,5,12,17,1,East,115.06,1
1091,1.59,29,2370,0,1,28,18,0,West,56.22,0
1092,11.77,20,818,1,1,6,8,0,East,124.16,0
1093,10.78,41,2353,0,2,9,14,0,West,147.74,1
1094,2.14,60,2205,1,3,8,10,0,South,107.12,1
1095,10.72,24,1368,0,1,20,16,1,East,121.76,0
1096,11.7,15,832,0,3,20,1,0,North,116.1,0
1097,11.99,26,2057,0,2,20,6,0,South,134.92000000000002,0
1098,11.67,38,2274,0,1,14,7,1,East,150.36,1
1099,3.6,12,2025,1,5,21,9,1,West,46.8,0
1100,5.6,30,1339,0,3,16,8,1,South,89.8,0
1101,1.94,50,2340,0,4,30,5,0,South,90.52,1
1102,4.4,60,2156,0,4,24,11,1,West,125.2,1
1103,2.62,23,305,0,1,6,10,1,East,55.46,0
1104,8.02,27,2495,1,4,21,2,1,East,104.66,0
1105,4.15,14,1196,0,1,24,8,0,North,54.2,0
1106,9.02,46,2272,1,4,27,3,1,West,141.16,1
1107,2.59,48,340,1,5,7,19,0,East,92.72,1
1108,3.68,20,401,0,4,20,3,0,North,59.44,0
1109,5.86,32,1166,1,5,7,14,0,South,94.88,1
1110,2.44,46,1010,0,2,14,3,1,East,88.52,1
1111,9.0,35,1257,0,4,21,13,0,North,124.5,1
1112,7.63,16,540,0,1,16,5,0,South,85.03999999999999,0
1113,6.61,34,697,0,3,6,17,0,East,103.88,1
1114,8.56,28,473,0,2,8,4,0,East,110.48,0
1115,2.7,45,951,0,4,12,13,1,North,89.1,1
1116,10.54,26,2483,1,1,1,12,0,North,123.32,0
1117,11.58,32,814,1,2,28,9,0,West,140.64,1
1118,7.33,35,900,1,2,12,14,1,East,111.14,1
1119,2.69,38,2424,0,3,3,12,1,West,78.52,1
1120,5.58,52,1566,1,1,2,10,0,South,122.64,1
1121,8.56,30,819,0,5,19,6,0,East,113.48,0
1122,3.06,40,841,1,5,9,6,0,West,84.48,1
1123,10.53,20,1678,1,2,11,14,0,West,114.24,0
1124,1.18,10,2076,0,1,3,12,1,East,24.439999999999998,0
1125,6.95,23,2284,1,1,10,10,1,North,90.1,0
1126,2.81,56,1039,1,3,14,20,0,East,106.48,1
1127,3.97,43,2274,1,5,3,1,0,West,96.26,1
1128,10.56,12,2342,1,5,19,8,0,East,102.48,0
1129,9.59,58,1338,1,2,18,17,0,West,163.72,1
1130,9.19,14,379,0,2,4,7,0,North,94.52,0
1131,11.92,58,639,0,2,0,15,0,North,182.36,1
1132,4.2,13,1849,1,1,18,3,1,North,53.1,0
1133,6.79,39,589,0,1,3,11,0,West,112.82,1
1134,11.39,33,1285,1,1,2,2,1,West,140.62,1
1135,2.41,51,1454,0,3,15,9,1,North,95.78,1
1136,8.66,56,1324,0,1,15,9,0,North,153.28,1
1137,9.34,39,2248,0,2,25,10,0,West,133.22,1
1138,7.23,35,1072,0,5,3,17,0,South,110.34,1
1139,1.78,57,1154,0,2,24,4,1,West,99.74,1
1140,7.97,31,413,0,3,9,19,0,South,110.25999999999999,1
1141,3.14,42,980,1,4,20,9,1,West,88.12,1
1142,6.0,10,1042,0,2,21,8,0,West,63.0,0
1143,10.88,44,702,0,2,0,19,1,South,153.04000000000002,1
1144,5.94,14,2002,0,3,22,10,1,North,68.52000000000001,0
1145,1.14,41,2340,1,3,23,11,1,North,70.62,1
1146,6.51,22,2082,0,4,23,17,1,East,85.08,0
1147,5.57,50,431,0,4,15,7,1,East,119.56,1
1148,11.53,14,454,1,4,16,2,1,South,113.24,0
1149,5.23,25,1456,0,5,18,13,0,South,79.34,0
1150,4.73,11,1182,0,4,15,9,0,North,54.34,0
1151,5.98,42,2432,1,1,30,8,1,East,110.84,1
1152,11.95,48,1510,1,4,23,13,1,South,167.6,1
1153,11.45,28,912,0,1,13,7,1,East,133.6,0
1154,8.09,30,2240,0,5,20,1,0,North,109.72,0
1155,10.0,25,1963,0,1,5,8,0,West,117.5,0
1156,8.69,58,1463,1,1,11,5,0,West,156.51999999999998,1
1157,11.17,29,474,0,1,17,18,1,West,132.86,0
1158,7.61,49,2421,0,4,21,11,0,North,134.38,1
1159,2.62,15,1691,0,1,0,14,1,North,43.46,0
1160,3.13,56,1493,0,3,21,3,1,West,109.03999999999999,1
1161,3.58,35,466,1,4,2,1,1,South,81.14,1
1162,1.86,56,1663,0,5,22,8,1,East,98.88,1
1163,7.18,50,2408,0,5,0,11,0,North,132.44,1
1164,11.23,53,1459,1,5,27,17,0,North,169.34,1
1165,9.95,51,238,1,1,20,7,0,West,156.1,1
1166,8.29,10,775,0,1,26,1,0,West,81.32,0
1167,4.26,24,1105,1,3,26,7,0,West,70.08,0
1168,6.23,24,2126,1,5,9,12,1,East,85.84,0
1169,8.39,43,1694,0,3,1,10,1,South,131.62,1
1170,9.39,19,2468,0,3,13,7,0,West,103.62,0
1171,10.45,15,254,1,3,10,2,1,East,106.1,0
1172,6.25,36,1954,0,4,9,19,1,South,104.0,1
1173,1.77,46,1574,1,3,25,12,0,West,83.16,1
1174,7.31,23,2387,1,1,10,17,0,South,92.97999999999999,0
1175,5.86,17,1489,0,1,0,20,1,South,72.38,0
1176,3.54,50,1755,1,1,14,1,0,West,103.32,1
1177,1.02,46,1608,1,5,2,16,0,West,77.16,1
1178,11.61,19,1705,0,4,15,1,1,North,121.38,0
1179,7.29,58,947,1,2,10,20,1,West,145.32,1
1180,3.57,41,1559,0,2,17,20,0,South,90.06,1
1181,6.54,35,2466,1,3,29,16,0,South,104.82,1
1182,1.31,18,1920,1,4,13,16,1,East,37.480000000000004,0
1183,8.21,12,1434,1,4,23,17,0,East,83.68,0
1184,7.44,16,664,1,2,9,8,1,South,83.52000000000001,0
1185,6.21,53,1188,1,5,22,4,0,East,129.18,1
1186,8.56,23,2388,0,5,5,19,0,North,102.98,0
1187,1.79,32,2462,0,3,15,18,0,North,62.32,1
1188,11.18,34,1799,1,3,12,12,1,North,140.44,1
1189,11.76,19,1222,0,3,23,12,1,West,122.58,0
1190,10.95,23,1731,0,4,17,10,1,North,122.1,0
1191,6.48,56,1295,1,5,30,5,0,South,135.84,1
1192,1.69,27,1040,0,5,23,1,1,South,54.019999999999996,0
1193,3.14,35,2253,0,5,28,9,0,South,77.62,1
1194,3.1,37,2112,0,1,25,9,0,North,80.3,1
1195,11.83,57,2455,1,5,28,4,0,North,180.14,1
1196,9.43,57,457,1,4,5,8,1,East,160.94,1
1197,9.14,41,278,0,5,9,3,1,East,134.62,1
1198,3.69,22,1375,0,4,18,7,0,North,62.519999999999996,0
1199,4.86,12,443,0,5,17,2,1,South,56.88,0
1200,5.27,39,1961,0,4,28,7,0,South,100.66,1
1201,9.48,54,712,0,3,8,10,1,West,156.84,1
1202,3.45,29,2075,1,3,18,20,0,West,71.1,0
1203,10.05,45,1677,0,2,27,16,0,East,147.9,1
1204,2.8,13,483,0,5,29,2,0,South,41.9,0
1205,4.81,53,1019,1,1,10,17,1,North,117.97999999999999,1
1206,1.68,22,1619,0,2,8,2,1,East,46.44,0
1207,7.03,41,2342,0,4,28,2,1,South,117.74000000000001,1
1208,3.53,54,877,1,5,3,20,0,North,109.24,1
1209,10.06,37,566,1,1,18,13,1,South,135.98000000000002,1
1210,11.52,60,1275,0,3,3,7,1,East,182.16,1
1211,5.6,12,920,1,3,2,11,1,South,62.8,0
1212,8.68,19,1067,1,3,26,5,0,East,97.94,0
1213,4.07,16,1150,0,1,3,17,1,South,56.56,0
1214,1.15,46,733,0,4,28,8,1,North,78.2,1
1215,7.23,35,817,1,4,29,9,0,North,110.34,1
1216,9.77,47,325,1,3,13,17,0,South,148.66,1
1217,7.5,43,1607,1,5,21,9,1,North,124.5,1
1218,10.13,23,1677,1,1,18,17,1,North,115.54,0
1219,4.23,12,774,1,3,13,10,0,North,51.84,0
1220,2.6,39,1562,1,2,24,6,1,North,79.3,1
1221,3.64,21,1397,1,2,2,9,0,East,60.620000000000005,0
1222,1.63,14,2199,1,3,8,15,1,South,34.04,0
1223,2.76,17,1897,1,4,28,9,1,South,47.58,0
1224,2.8,17,1932,0,1,7,17,0,West,47.9,0
1225,8.97,60,1500,1,2,2,8,1,South,161.76,1
1226,9.73,20,654,0,5,20,4,0,North,107.84,0
1227,2.08,58,968,0,2,0,8,1,East,103.64,1
1228,9.74,21,873,0,1,30,15,1,South,109.42,0
1229,11.21,11,933,1,1,14,3,1,West,106.18,0
1230,4.14,35,243,1,2,1,7,0,East,85.62,1
1231,10.72,21,1718,1,4,27,18,0,North,117.26,0
1232,8.05,35,2366,1,5,16,19,0,North,116.9,1
1233,10.6,39,1187,1,3,30,20,0,East,143.3,1
1234,1.16,23,1478,0,4,7,1,0,East,43.78,0
1235,6.81,50,1278,1,3,23,11,1,West,129.48,1
1236,7.41,58,636,1,5,6,3,1,North,146.28,1
1237,1.89,58,1425,0,1,29,16,0,West,102.12,1
1238,9.41,32,1263,1,2,2,2,1,North,123.28,1
1239,7.78,57,1725,0,3,16,14,0,West,147.74,1
1240,8.81,40,2352,1,4,15,8,0,North,130.48000000000002,1
1241,2.75,42,254,1,1,25,8,0,North,85.0,1
1242,8.91,56,701,0,5,19,15,0,South,155.28,1
1243,3.15,42,2216,0,3,18,15,0,West,88.2,1
1244,8.88,56,2408,1,2,9,18,0,South,155.04000000000002,1
1245,7.53,52,1102,1,2,25,6,0,North,138.24,1
1246,7.99,47,2157,0,3,8,10,1,West,134.42000000000002,1
1247,10.72,13,990,0,2,21,8,1,East,105.26,0
1248,9.64,32,2425,0,3,17,18,0,South,125.12,1
1249,4.56,12,1952,0,1,28,3,0,East,54.48,0
1250,5.93,28,539,1,4,19,7,1,West,89.44,0
1251,3.68,53,1015,1,1,10,3,0,South,108.94,1
1252,9.53,33,1147,0,1,14,20,1,North,125.74,1
1253,5.59,29,523,0,3,9,19,1,North,88.22,0
1254,10.63,37,945,1,4,18,2,0,West,140.54000000000002,1
1255,9.55,20,472,0,4,22,8,0,East,106.4,0
1256,5.94,41,245,1,4,9,15,1,North,109.02000000000001,1
1257,5.41,14,1439,1,2,29,4,0,South,64.28,0
1258,6.38,21,2406,0,1,25,5,1,South,82.53999999999999,0
1259,2.24,23,1110,0,1,26,5,1,West,52.42,0
1260,3.21,53,1815,0,4,9,2,0,South,105.18,1
1261,3.09,36,1642,1,2,22,20,1,East,78.72,1
1262,7.75,11,1208,1,2,30,7,0,North,78.5,0
1263,10.28,58,1614,0,1,9,20,1,West,169.24,1
1264,7.19,20,1614,1,2,29,7,1,South,87.52000000000001,0
1265,2.23,57,513,0,5,30,1,0,West,103.34,1
1266,1.26,29,2438,0,5,6,1,0,East,53.58,0
1267,10.83,46,1060,1,1,30,3,1,North,155.64,1
1268,10.87,11,288,1,1,29,4,1,East,103.46,0
1269,2.28,46,1912,1,4,4,11,0,South,87.24,1
1270,9.69,34,1706,0,4,4,18,0,South,128.51999999999998,1
1271,7.66,57,1798,0,4,8,16,0,North,146.78,1
1272,1.11,42,1419,0,4,13,4,1,West,71.88,1
1273,8.74,60,258,0,3,23,4,0,South,159.92000000000002,1
1274,2.38,26,2257,1,1,8,13,0,East,58.04,0
1275,1.09,17,1166,0,5,17,9,1,West,34.22,0
1276,2.41,46,1055,1,1,29,12,1,East,88.28,1
1277,3.66,31,2119,1,5,9,4,1,North,75.78,1
1278,3.15,57,1673,0,4,9,10,0,East,110.7,1
1279,2.64,51,2279,0,3,7,5,1,North,97.62,1
1280,7.6,17,1254,0,1,17,6,1,West,86.3,0
1281,1.55,20,2341,0,1,1,8,0,North,42.4,0
1282,7.3,13,2280,0,3,7,11,1,South,77.9,0
1283,11.75,22,1292,0,1,11,19,1,South,127.0,0
1284,1.89,40,1972,1,2,6,16,1,East,75.12,1
1285,5.02,28,1200,0,5,12,18,0,East,82.16,0
1286,8.32,31,1006,0,3,12,20,0,West,113.06,1
1287,2.95,12,2389,1,1,25,10,1,South,41.6,0
1288,8.06,36,208,0,1,6,15,0,West,118.48,1
1289,8.99,12,722,0,5,0,19,0,South,89.92,0
1290,10.53,35,1175,1,5,8,12,0,East,136.74,1
1291,9.77,54,1164,0,4,28,2,0,North,159.16,1
1292,9.28,32,651,0,3,5,6,1,East,122.24,1
1293,3.08,26,804,1,5,29,20,1,East,63.64,0
1294,7.22,50,1342,0,2,21,11,0,South,132.76,1
1295,2.97,40,2296,0,2,16,14,1,South,83.76,1
1296,7.98,14,2115,1,3,5,5,0,East,84.84,0
1297,3.66,36,1718,1,3,28,5,0,West,83.28,1
1298,8.59,23,1596,0,1,8,18,0,West,103.22,0
1299,4.64,50,926,0,1,21,1,0,East,112.12,1
1300,10.19,25,2368,0,4,14,4,0,West,119.02,0
1301,7.44,57,1703,1,4,6,17,0,West,145.02,1
1302,4.29,20,887,1,5,7,1,1,South,64.32,0
1303,4.7,44,870,1,2,30,19,1,West,103.6,1
1304,6.63,56,394,0,5,21,15,0,North,137.04,1
1305,7.55,56,793,0,2,26,20,0,West,144.4,1
1306,3.14,11,1551,0,5,13,20,0,South,41.620000000000005,0
1307,9.72,25,2332,0,5,0,3,0,South,115.26,0
1308,6.33,14,956,0,2,6,4,1,North,71.64,0
1309,8.68,55,1258,1,2,11,15,0,South,151.94,1
1310,11.19,58,900,1,4,9,18,1,West,176.51999999999998,1
1311,7.68,34,995,0,3,5,17,0,North,112.44,1
1312,1.29,50,338,0,4,10,14,1,East,85.32,1
1313,2.51,55,1126,0,4,23,6,0,East,102.58,1
1314,1.57,46,2252,0,5,27,16,0,West,81.56,1
1315,8.4,47,2444,1,3,13,7,0,North,137.7,1
1316,2.95,23,1393,0,1,28,9,0,North,58.1,0
1317,1.69,24,226,0,1,28,15,1,North,49.519999999999996,0
1318,2.98,55,1154,1,4,29,7,1,East,106.34,1
1319,11.96,22,1570,0,1,29,17,0,South,128.68,0
1320,5.47,31,293,1,1,30,13,1,North,90.25999999999999,1
1321,9.26,35,1052,0,3,18,3,0,West,126.58,1
1322,3.56,14,1379,1,5,25,20,0,South,49.480000000000004,0
1323,11.97,44,2312,1,5,27,4,1,West,161.76,1
1324,11.63,12,1862,1,3,17,13,0,West,111.04,0
1325,2.34,42,513,1,1,9,13,1,North,81.72,1
1326,10.3,37,829,1,4,22,1,1,East,137.9,1
1327,7.55,48,878,0,3,16,19,1,South,132.4,1
1328,6.34,43,1995,1,3,27,20,1,West,115.22,1
1329,2.75,49,1483,0,2,8,9,0,West,95.5,1
1330,10.4,49,1602,1,4,1,10,0,East,156.7,1
1331,4.65,13,1271,1,5,29,5,1,West,56.7,0
1332,1.05,32,1151,1,3,24,13,0,West,56.4,1
1333,9.78,26,1628,1,5,8,15,1,South,117.24,0
1334,6.85,21,2282,1,2,7,13,0,North,86.3,0
1335,11.4,48,2357,0,2,25,13,1,North,163.2,1
1336,11.72,21,1775,0,5,0,9,1,East,125.26,0
1337,4.1,31,570,1,2,10,16,0,South,79.3,1
1338,4.78,48,547,1,2,7,5,1,West,110.24000000000001,1
1339,4.86,44,1689,0,3,10,2,0,West,104.88,1
1340,8.49,12,1446,1,2,13,5,0,North,85.92,0
1341,8.68,25,2449,0,4,20,16,1,West,106.94,0
1342,4.64,43,1416,0,2,26,8,1,North,101.62,1
1343,4.83,36,2139,1,1,8,14,1,North,92.64,1
1344,11.54,35,653,0,4,14,2,1,North,144.82,1
1345,1.57,22,1829,1,3,18,9,0,South,45.56,0
1346,5.44,26,1715,0,1,0,5,0,West,82.52000000000001,0
1347,4.9,37,1615,0,3,20,16,1,North,94.7,1
1348,4.03,28,641,0,3,10,6,0,South,74.24000000000001,0
1349,8.54,19,1231,0,4,5,15,0,West,96.82,0
1350,3.98,59,1336,0,3,16,5,1,South,120.34,1
1351,9.94,17,2394,0,3,25,5,0,North,105.02,0
1352,1.78,60,544,0,5,1,6,0,East,104.24,1
1353,5.61,52,1067,1,3,17,1,0,North,122.88,1
1354,5.58,42,317,0,1,17,20,0,North,107.64,1
1355,10.62,30,2109,0,3,17,11,0,East,129.95999999999998,0
1356,1.03,44,926,0,4,24,2,1,North,74.24,1
1357,9.4,41,806,0,1,28,7,1,North,136.7,1
1358,1.7,50,849,1,2,26,9,0,East,88.6,1
1359,10.91,26,2440,1,2,22,19,0,East,126.28,0
1360,4.4,41,1419,0,2,17,2,1,North,96.7,1
1361,6.14,50,1436,0,3,5,20,0,West,124.12,1
1362,3.04,16,998,0,3,15,10,0,South,48.32,0
1363,4.89,48,2035,1,1,20,10,1,West,111.12,1
1364,9.22,57,728,1,1,7,10,0,East,159.26,1
1365,1.33,26,1811,1,4,30,8,0,East,49.64,0
1366,9.46,42,1227,0,5,26,12,0,North,138.68,1
1367,5.23,19,1053,0,4,11,7,0,East,70.34,0
1368,4.05,12,2310,1,5,6,18,0,South,50.4,0
1369,5.42,31,350,0,2,2,18,1,North,89.86,1
1370,2.48,27,2340,0,1,12,15,0,South,60.34,0
1371,4.99,26,1001,1,3,19,18,0,East,78.92,0
1372,11.25,36,1770,1,4,23,11,1,North,144.0,1
1373,11.22,32,1459,0,5,13,20,0,South,137.76,1
1374,4.18,51,268,1,3,12,5,1,West,109.94,1
1375,10.21,46,1570,0,4,26,10,0,East,150.68,1
1376,4.09,14,484,1,3,18,10,1,East,53.72,0
1377,11.79,34,1810,1,1,28,19,1,East,145.32,1
1378,3.04,37,1805,1,4,18,10,1,South,79.82,1
1379,9.31,25,1170,1,4,1,19,1,South,111.98,0
1380,8.31,23,1193,0,2,26,18,1,East,100.98,0
1381,4.94,15,1729,0,1,1,9,0,East,62.02,0
1382,2.27,12,1622,0,3,30,15,0,South,36.16,0
1383,3.28,18,1568,1,2,3,20,0,East,53.239999999999995,0
1384,7.44,47,1189,0,3,23,10,1,West,130.02,1
1385,10.49,30,1754,1,2,7,14,0,East,128.92000000000002,0
1386,10.01,43,2130,1,1,5,20,1,East,144.57999999999998,1
1387,3.26,31,374,1,2,15,9,0,North,72.58,1
1388,2.71,40,1334,1,1,20,7,0,South,81.68,1
1389,7.95,19,851,1,1,4,17,0,West,92.1,0
1390,4.48,21,2379,1,4,21,17,1,South,67.34,0
1391,7.7,45,1781,0,1,30,9,0,East,129.1,1
1392,11.67,26,2396,0,5,10,5,0,East,132.36,0
1393,7.46,22,1377,0,3,23,19,1,West,92.68,0
1394,3.19,27,835,1,5,23,2,0,South,66.02,0
1395,10.78,36,531,1,4,24,16,0,West,140.24,1
1396,8.22,10,355,0,5,17,17,1,West,80.76,0
1397,8.47,56,1526,1,2,2,11,1,North,151.76,1
1398,10.84,46,501,1,3,12,3,0,East,155.72,1
1399,3.59,32,2435,1,4,12,19,1,South,76.72,1
1400,8.7,17,1430,0,2,29,13,0,South,95.1,0
1401,7.44,28,1515,0,3,25,4,1,East,101.52000000000001,0
1402,10.68,48,1110,1,2,0,16,0,South,157.44,1
1403,5.55,13,2466,0,3,11,11,1,West,63.9,0
1404,3.9,14,1440,1,3,7,10,0,East,52.2,0
1405,7.18,16,2313,0,5,12,5,1,East,81.44,0
1406,7.61,52,1667,0,1,19,1,1,West,138.88,1
1407,6.01,18,910,1,2,0,8,1,North,75.08,0
1408,9.04,58,778,1,5,15,1,0,East,159.32,1
1409,5.36,22,2398,1,1,7,10,0,East,75.88,0
1410,10.32,52,1382,0,1,13,19,0,North,160.56,1
1411,2.91,53,362,0,2,21,3,0,South,102.78,1
1412,6.81,46,442,1,2,1,20,1,South,123.47999999999999,1
1413,1.54,40,253,0,4,24,4,1,South,72.32,1
1414,6.47,19,1913,1,5,11,19,1,North,80.25999999999999,0
1415,10.48,30,1934,0,5,2,5,1,South,128.84,0
1416,8.54,43,207,0,3,6,19,1,East,132.82,1
1417,1.8,24,1328,0,3,16,5,1,North,50.4,0
1418,2.09,20,1737,0,1,24,2,1,East,46.72,0
1419,2.87,55,655,1,2,23,12,0,West,105.46000000000001,1
1420,1.02,26,778,1,2,24,20,0,East,47.16,0
1421,1.12,46,1564,0,5,27,8,0,West,77.96000000000001,1
1422,6.79,40,1913,1,4,16,9,0,South,114.32,1
1423,6.96,23,1268,1,3,12,9,1,South,90.18,0
1424,10.93,43,1113,0,4,10,16,1,West,151.94,1
1425,4.0,37,1643,0,1,30,6,1,North,87.5,1
1426,3.34,37,678,1,1,1,6,0,West,82.22,1
1427,2.88,39,2265,1,4,14,1,0,East,81.53999999999999,1
1428,11.84,23,1524,1,4,9,14,1,East,129.22,0
1429,7.33,26,1513,1,2,6,14,0,West,97.64,0
1430,6.58,41,2362,1,1,9,17,0,South,114.14,1
1431,9.95,55,2398,0,3,24,9,1,East,162.1,1
1432,9.03,58,1323,1,5,25,15,1,South,159.24,1
1433,7.35,38,2489,1,5,22,16,1,South,115.8,1
1434,4.43,51,2137,1,2,9,1,1,East,111.94,1
1435,11.99,47,926,0,4,4,20,0,North,166.42000000000002,1
1436,1.97,60,401,1,1,16,13,0,East,105.76,1
1437,3.51,58,2250,1,4,14,17,1,East,115.08,1
1438,4.45,49,1256,1,2,23,1,0,East,109.1,1
1439,10.1,52,304,1,5,25,8,0,East,158.8,1
1440,4.51,54,2167,1,4,30,18,0,North,117.08,1
1441,3.88,33,391,0,3,8,2,1,South,80.53999999999999,1
1442,1.33,39,1623,0,3,25,7,0,South,69.14,1
1443,7.58,34,1969,1,4,11,19,1,West,111.64,1
1444,2.02,16,582,1,3,10,10,0,West,40.16,0
1445,1.34,30,1273,1,1,23,10,1,East,55.72,0
1446,4.07,17,1107,0,2,6,1,0,North,58.06,0
1447,3.95,25,254,0,4,13,1,0,East,69.1,0
1448,9.34,11,2402,1,4,21,8,0,South,91.22,0
1449,10.33,21,438,0,1,13,9,1,West,114.14,0
1450,1.78,12,1552,0,4,0,7,0,East,32.24,0
1451,11.78,18,938,0,3,15,1,0,East,121.24,0
1452,7.8,42,1452,1,4,23,3,0,West,125.4,1
1453,10.24,32,546,0,4,15,4,0,North,129.92000000000002,1
1454,3.79,25,1921,1,4,25,8,0,North,67.82,0
1455,10.12,40,1953,1,5,6,14,0,East,140.95999999999998,1
1456,1.15,18,1438,0,2,7,19,0,West,36.2,0
1457,9.98,15,1881,0,3,9,20,1,West,102.34,0
1458,4.29,45,847,0,1,2,4,1,West,101.82,1
1459,8.35,57,1347,0,1,1,6,1,North,152.3,1
1460,11.05,29,2246,1,2,21,4,1,East,131.9,0
1461,5.53,11,1334,1,3,1,17,1,South,60.74,0
1462,6.3,42,1488,0,3,9,15,0,North,113.4,1
1463,6.98,57,1690,1,4,3,19,1,South,141.34,1
1464,3.29,34,762,1,4,15,6,1,North,77.32,1
1465,2.35,34,1684,0,1,24,13,1,West,69.8,1
1466,8.81,48,1608,1,5,9,3,0,West,142.48000000000002,1
1467,6.32,24,472,1,5,9,2,0,South,86.56,0
1468,6.36,50,2073,0,4,18,10,0,North,125.88,1
1469,8.2,46,1828,0,3,6,7,0,East,134.6,1
1470,11.76,44,245,1,3,13,18,1,East,160.07999999999998,1
1471,10.88,57,661,0,1,22,7,1,East,172.54000000000002,1
1472,5.25,51,983,0,1,15,16,1,East,118.5,1
1473,5.37,45,820,1,1,7,6,1,South,110.46000000000001,1
1474,5.38,26,361,0,4,15,2,0,South,82.03999999999999,0
1475,10.7,59,423,1,3,0,17,1,North,174.1,1
1476,10.78,10,1299,0,3,24,1,1,South,101.24,0
1477,6.96,58,203,1,1,10,7,1,North,142.68,1
1478,2.21,41,602,1,2,19,11,1,South,79.18,1
1479,11.39,29,607,0,3,3,10,0,West,134.62,0
1480,6.24,28,710,0,5,21,11,1,West,91.92,0
1481,4.74,54,1219,0,3,20,16,0,West,118.92,1
1482,11.55,27,2497,0,1,18,2,1,East,132.9,0
1483,11.53,45,639,1,3,28,1,1,North,159.74,1
1484,8.83,38,973,1,1,1,18,0,North,127.64,1
1485,1.3,54,1455,0,3,6,8,0,South,91.4,1
1486,6.7,41,1239,0,4,30,11,0,North,115.1,1
1487,9.67,46,2434,0,2,13,19,0,South,146.36,1
1488,6.91,49,1029,1,5,9,2,1,South,128.78,1
1489,9.6,17,455,1,1,16,10,1,West,102.3,0
1490,1.67,52,1969,0,2,27,13,1,North,91.36,1
1491,5.67,21,731,0,2,6,6,1,East,76.86,0
1492,7.08,25,2099,0,4,26,3,1,West,94.14,0
1493,4.52,25,673,1,2,2,15,1,West,73.66,0
1494,12.0,33,556,1,3,12,7,0,West,145.5,1
1495,8.83,38,2233,0,3,4,16,1,West,127.64,1
1496,9.57,21,1515,1,3,20,17,1,East,108.06,0
1497,8.9,57,2067,1,5,4,8,1,West,156.7,1
1498,11.86,48,1748,1,1,23,13,0,South,166.88,1
1499,5.37,59,778,1,4,21,5,0,East,131.46,1
1500,8.54,13,1169,1,4,25,13,0,West,87.82,0
1501,9.05,26,1771,0,4,11,14,1,North,111.4,0
1502,9.69,36,663,1,3,24,20,0,West,131.51999999999998,1
1503,6.21,22,837,0,4,3,15,1,North,82.68,0
1504,8.08,14,1831,1,2,27,8,1,East,85.64,0
1505,7.41,20,224,1,3,10,17,0,North,89.28,0
1506,7.14,60,1970,1,5,9,2,0,North,147.12,1
1507,4.66,22,2204,1,5,6,11,0,West,70.28,0
1508,2.66,11,1176,0,1,22,3,0,East,37.78,0
1509,1.8,15,1333,1,1,10,4,1,South,36.9,0
1510,6.87,21,1966,0,3,17,5,1,South,86.46000000000001,0
1511,10.37,13,2239,0,1,4,12,1,East,102.46,0
1512,10.61,47,866,1,1,28,6,1,North,155.38,1
1513,7.0,41,2441,0,4,30,9,0,West,117.5,1
1514,11.1,40,1601,1,2,20,14,1,West,148.8,1
1515,7.32,36,1484,1,1,14,6,1,North,112.56,1
1516,11.8,11,2308,0,4,16,18,1,North,110.9,0
1517,7.56,59,2174,1,3,15,7,1,West,148.98,1
1518,8.65,28,413,0,3,2,9,1,North,111.2,0
1519,6.23,25,1489,0,4,9,14,0,West,87.34,0
1520,7.3,35,614,0,2,12,2,1,West,110.9,1
1521,5.63,54,1968,0,1,29,19,1,East,126.03999999999999,1
1522,11.81,41,2247,0,1,14,14,0,North,155.98000000000002,1
1523,2.4,53,839,1,2,5,6,0,East,98.7,1
1524,4.9,10,715,0,1,8,4,0,North,54.2,0
1525,1.66,32,1676,1,4,30,15,0,South,61.28,1
1526,3.67,44,2126,1,3,25,5,0,North,95.36,1
1527,8.04,45,271,0,3,11,3,0,North,131.82,1
1528,11.99,14,1348,0,4,5,3,0,North,116.92,0
1529,2.82,16,844,1,1,1,8,1,South,46.56,0
1530,10.88,46,808,0,4,20,10,0,East,156.04000000000002,1
1531,11.59,45,1077,1,3,3,10,1,South,160.22,1
1532,6.54,37,937,1,4,4,8,0,East,107.82,1
1533,1.53,45,1443,0,1,17,8,0,North,79.74,1
1534,5.29,53,230,0,2,17,8,1,East,121.82,1
1535,2.61,50,2342,1,3,20,18,0,West,95.88,1
1536,8.93,48,1041,1,1,6,7,0,North,143.44,1
1537,2.07,31,1736,1,1,5,19,1,West,63.06,1
1538,7.61,54,2291,1,1,1,16,1,West,141.88,1
1539,11.9,28,2023,1,1,24,15,0,East,137.2,0
1540,10.36,37,1845,1,4,4,3,1,East,138.38,1
1541,5.11,60,379,0,4,28,17,1,West,130.88,1
1542,10.81,30,1124,0,4,0,14,1,South,131.48000000000002,0
1543,3.24,50,1819,0,1,7,19,1,North,100.92,1
1544,6.68,21,2414,0,5,28,5,1,North,84.94,0
1545,11.7,33,252,1,4,30,13,0,West,143.1,1
1546,7.6,55,1544,0,4,10,16,0,North,143.3,1
1547,7.69,25,2212,1,2,30,11,1,North,99.02000000000001,0
1548,5.42,14,2317,0,5,7,17,0,West,64.36,0
1549,9.58,34,521,0,2,1,11,1,East,127.64,1
1550,8.06,23,1190,0,5,29,11,0,South,98.98,0
1551,10.4,18,1363,1,2,6,5,0,South,110.2,0
1552,7.46,42,751,0,5,23,3,1,West,122.68,1
1553,2.48,21,365,0,1,0,15,0,North,51.34,0
1554,3.42,20,2139,1,4,1,3,1,West,57.36,0
1555,4.86,23,2021,0,5,6,13,0,South,73.38,0
1556,4.8,23,2216,0,3,6,11,0,South,72.9,0
1557,9.79,24,2332,0,2,7,5,1,North,114.32,0
1558,4.44,30,232,1,2,5,11,1,North,80.52000000000001,0
1559,4.27,13,1147,0,1,7,10,1,South,53.66,0
1560,10.54,48,1845,0,5,21,20,1,South,156.32,1
1561,6.36,15,820,1,3,25,4,1,East,73.38,0
1562,8.13,12,2204,0,5,3,1,0,West,83.04,0
1563,7.12,13,1832,0,5,6,18,1,West,76.46000000000001,0
1564,6.5,47,564,1,3,26,7,1,East,122.5,1
1565,2.99,40,655,0,3,16,6,0,North,83.92,1
1566,4.32,34,1290,0,2,9,14,0,North,85.56,1
1567,5.17,19,2248,1,2,10,1,0,East,69.86,0
1568,4.68,44,805,0,1,14,9,0,West,103.44,1
1569,2.26,23,1802,1,2,7,6,1,South,52.58,0
1570,11.34,41,1973,1,5,14,19,1,East,152.22,1
1571,6.23,19,1830,0,1,23,9,0,North,78.34,0
1572,7.85,31,292,1,2,4,5,0,North,109.3,1
1573,6.53,35,2294,0,1,10,5,1,North,104.74000000000001,1
1574,11.06,23,2326,1,1,1,13,1,East,122.98,0
1575,3.98,41,1554,0,1,10,16,0,North,93.34,1
1576,5.53,45,737,1,4,23,20,1,West,111.74000000000001,1
1577,2.11,41,1059,0,5,17,10,1,North,78.38,1
1578,6.78,49,2017,1,2,7,15,0,East,127.74000000000001,1
1579,7.92,56,966,1,3,26,16,0,North,147.36,1
1580,10.71,56,240,0,2,8,6,0,East,169.68,1
1581,6.08,59,472,0,4,3,8,1,North,137.14,1
1582,4.59,11,2081,0,4,19,14,1,South,53.22,0
1583,6.24,31,871,0,4,20,20,0,North,96.42,1
1584,4.14,19,2232,0,5,26,16,0,South,61.62,0
1585,4.34,33,516,0,4,15,12,1,West,84.22,1
1586,2.36,57,1949,0,4,17,12,0,East,104.38,1
1587,11.7,29,1484,0,1,10,14,0,South,137.1,0
1588,8.32,12,1865,0,1,29,11,0,North,84.56,0
1589,8.34,57,1103,1,5,9,20,0,South,152.22,1
1590,1.0,20,279,1,4,2,1,1,North,38.0,0
1591,4.89,31,1262,1,3,5,5,1,South,85.62,1
1592,6.81,30,1831,1,4,18,9,0,North,99.47999999999999,0
1593,2.43,36,1642,0,4,9,11,0,North,73.44,1
1594,5.23,43,2363,0,3,27,16,0,East,106.34,1
1595,6.56,14,1488,1,1,20,1,0,East,73.47999999999999,0
1596,7.07,25,2495,1,2,26,10,1,South,94.06,0
1597,2.57,47,1333,1,2,17,3,1,West,91.06,1
1598,1.25,57,647,1,4,12,3,1,East,95.5,1
1599,1.31,41,1837,0,2,30,17,1,West,71.98,1
1600,3.38,19,2272,1,5,29,7,0,North,55.54,0
1601,3.81,50,928,0,5,26,4,1,North,105.48,1
1602,5.08,19,2060,1,1,2,13,0,South,69.14,0
1603,5.32,40,301,1,3,19,17,0,East,102.56,1
1604,7.66,16,349,0,1,28,2,0,East,85.28,0
1605,4.78,11,961,1,4,25,3,1,North,54.74,0
1606,4.61,12,2356,0,1,0,2,0,North,54.88,0
1607,5.88,44,913,1,1,16,9,0,South,113.03999999999999,1
1608,3.78,60,732,0,4,9,12,1,North,120.24,1
1609,9.74,26,1671,0,2,12,18,0,South,116.92,0
1610,8.74,60,1704,1,1,22,10,0,South,159.92000000000002,1
1611,11.19,49,1743,1,1,27,10,1,North,163.01999999999998,1
1612,10.84,41,1491,0,1,25,15,0,East,148.22,1
1613,8.02,52,1440,0,4,6,1,1,North,142.16,1
1614,2.67,45,2217,0,5,26,8,1,North,88.86,1
1615,9.14,20,2235,0,2,6,18,0,West,103.12,0
1616,5.47,54,2023,1,2,7,18,0,South,124.75999999999999,1
1617,2.24,20,683,1,3,9,18,1,North,47.92,0
1618,5.73,51,1024,0,1,19,1,0,East,122.34,1
1619,10.27,39,2400,1,3,20,19,0,West,140.66,1
1620,3.67,14,1737,0,4,18,12,1,West,50.36,0
1621,6.02,52,2219,1,1,9,1,0,North,126.16,1
1622,3.4,41,1416,1,3,9,13,0,West,88.7,1
1623,1.67,53,2006,0,3,9,10,0,South,92.86,1
1624,8.33,51,992,0,3,2,9,0,East,143.14,1
1625,5.04,59,1882,1,4,10,5,0,South,128.82,1
1626,1.19,43,2137,1,5,12,15,0,West,74.02,1
1627,4.27,35,1399,0,2,3,9,1,West,86.66,1
1628,8.16,24,397,0,1,8,9,0,West,101.28,0
1629,2.23,21,2002,0,2,29,6,1,North,49.34,0
1630,3.29,33,299,1,1,23,8,1,West,75.82,1
1631,4.51,47,2134,1,4,0,18,0,North,106.58,1
1632,9.76,14,1920,1,4,2,5,0,South,99.08,0
1633,6.04,34,1139,1,2,25,4,0,East,99.32,1
1634,2.98,14,2142,1,2,2,19,0,West,44.84,0
1635,4.01,28,392,1,1,27,11,1,West,74.08,0
1636,3.0,15,496,0,3,16,13,0,West,46.5,0
1637,3.53,23,904,1,3,21,20,0,North,62.739999999999995,0
1638,4.95,26,1077,0,1,18,1,1,North,78.6,0
1639,2.69,34,1566,0,5,11,1,1,North,72.52,1
1640,8.45,17,354,1,2,16,2,1,North,93.1,0
1641,5.29,45,2453,0,4,12,15,0,East,109.82,1
1642,2.84,58,1859,1,4,9,18,1,North,109.72,1
1643,4.26,27,595,0,4,19,20,1,North,74.58,0
1644,8.36,53,529,1,1,5,20,0,East,146.38,1
1645,3.43,56,2243,1,5,29,18,0,East,111.44,1
1646,4.57,31,757,0,4,0,12,1,North,83.06,1
1647,9.35,58,1037,0,3,9,1,1,East,161.8,1
1648,3.89,50,1876,0,5,20,13,1,East,106.12,1
1649,3.78,60,344,1,2,4,12,1,North,120.24,1
1650,6.91,52,737,1,5,20,6,0,East,133.28,1
1651,1.2,25,976,0,4,5,15,1,East,47.1,0
1652,8.93,17,1240,1,2,25,17,0,West,96.94,0
1653,9.98,53,516,1,5,17,12,0,West,159.34,1
1654,1.58,20,693,0,3,26,16,0,North,42.64,0
1655,4.64,58,1720,1,3,23,16,1,North,124.12,1
1656,10.59,18,745,0,1,23,20,1,South,111.72,0
1657,6.83,25,937,0,4,21,11,1,North,92.14,0
1658,8.95,49,597,1,4,11,3,1,South,145.1,1
1659,3.6,27,1539,1,5,2,11,1,East,69.3,0
1660,4.03,25,720,0,5,2,7,0,East,69.74000000000001,0
1661,2.35,47,1395,1,1,17,20,1,South,89.3,1
1662,5.41,45,1604,1,1,0,3,0,North,110.78,1
1663,1.31,28,1203,1,5,28,14,1,West,52.480000000000004,0
1664,10.2,22,1518,1,2,29,6,1,South,114.6,0
1665,9.99,13,1809,0,5,17,12,0,North,99.42,0
1666,4.95,56,1790,1,3,16,9,0,South,123.6,1
1667,8.8,37,1969,1,5,9,10,1,East,125.9,1
1668,8.13,24,1797,1,4,22,11,0,East,101.04,0
1669,4.78,41,647,1,1,14,17,1,West,99.74000000000001,1
1670,3.98,52,1653,0,2,27,19,1,North,109.84,1
1671,5.0,11,294,0,1,29,19,0,North,56.5,0
1672,6.69,25,861,1,5,10,9,1,North,91.02000000000001,0
1673,6.0,58,513,1,5,2,5,0,East,135.0,1
1674,11.2,32,1868,0,3,2,1,0,North,137.6,1
1675,1.21,15,1735,1,4,19,13,1,North,32.18,0
1676,1.83,44,2406,1,5,20,2,1,North,80.64,1
1677,5.79,40,1565,0,3,10,4,0,East,106.32,1
1678,4.92,24,2175,1,5,16,4,1,West,75.36,0
1679,11.39,45,410,0,2,12,4,1,West,158.62,1
1680,2.61,43,264,0,2,5,14,1,South,85.38,1
1681,2.72,12,1794,1,1,6,6,1,North,39.760000000000005,0
1682,1.16,59,1730,0,3,0,20,1,East,97.78,1
1683,3.34,21,929,0,1,24,15,0,East,58.22,0
1684,1.29,27,1017,1,4,20,13,1,East,50.82,0
1685,6.69,38,1097,0,5,17,4,1,East,110.52000000000001,1
1686,4.21,52,940,1,5,24,3,1,North,111.68,1
1687,4.54,26,1663,0,1,1,1,0,South,75.32,0
1688,10.59,60,992,0,4,27,19,0,West,174.72,1
1689,10.2,22,1893,1,3,14,14,0,East,114.6,0
1690,10.47,32,1720,0,2,28,2,1,South,131.76,1
1691,6.49,22,717,0,4,18,13,1,West,84.92,0
1692,5.64,44,906,0,4,25,16,1,North,111.12,1
1693,8.13,36,1521,0,2,27,6,0,West,119.04,1
1694,6.48,55,416,0,3,25,9,1,East,134.34,1
1695,10.06,33,1572,1,3,20,13,1,West,129.98000000000002,1
1696,4.86,17,229,1,2,22,18,0,North,64.38,0
1697,10.62,51,342,0,2,30,4,1,North,161.45999999999998,1
1698,2.44,46,459,0,1,25,19,0,South,88.52,1
1699,11.83,29,1903,1,2,24,11,0,West,138.14,0
1700,9.28,22,1709,1,5,1,14,0,North,107.24,0
1701,11.99,25,648,0,5,12,4,0,North,133.42000000000002,0
1702,5.67,20,1003,1,5,21,2,0,West,75.36,0
1703,1.61,15,2075,1,5,30,13,1,West,35.38,0
1704,2.34,20,2126,0,3,19,20,0,West,48.72,0
1705,5.45,38,1859,0,3,9,14,0,East,100.6,1
1706,3.15,46,265,0,2,11,13,0,South,94.2,1
1707,1.06,42,2231,1,2,25,5,1,West,71.48,1
1708,10.12,44,1944,1,1,30,20,1,South,146.95999999999998,1
1709,10.12,46,1879,0,2,6,20,0,West,149.95999999999998,1
1710,1.56,44,1964,1,2,16,11,1,South,78.48,1
1711,4.9,56,2034,0,4,13,14,0,East,123.2,1
1712,3.34,37,2022,0,1,30,20,0,South,82.22,1
1713,4.03,43,1542,1,5,25,7,1,North,96.74000000000001,1
1714,10.04,48,1422,1,4,26,9,0,South,152.32,1
1715,6.17,37,1396,1,3,21,18,0,East,104.86,1
1716,11.97,49,2104,0,3,10,12,0,East,169.26,1
1717,8.44,33,1560,1,5,2,3,1,East,117.02,1
1718,3.2,32,824,1,3,14,10,0,East,73.6,1
1719,8.71,19,2408,1,1,17,3,1,North,98.18,0
1720,5.67,34,292,1,4,23,20,0,East,96.36,1
1721,3.25,54,431,1,4,14,12,0,East,107.0,1
1722,9.41,41,1304,0,1,23,17,1,North,136.78,1
1723,2.81,28,1306,1,1,19,9,0,South,64.48,0
1724,6.82,10,761,1,4,10,1,0,West,69.56,0
1725,3.76,59,256,0,2,2,13,1,South,118.58,1
1726,2.56,19,2130,1,4,18,10,0,West,48.980000000000004,0
1727,8.89,46,1699,0,5,16,6,1,South,140.12,1
1728,6.94,60,1981,1,3,18,19,1,South,145.52,1
1729,7.28,58,2303,1,5,9,16,0,West,145.24,1
1730,10.92,35,1223,1,1,4,10,1,South,139.86,1
1731,4.24,35,266,1,2,8,12,1,East,86.42,1
1732,4.42,13,520,1,2,18,2,0,North,54.86,0
1733,4.0,17,1201,1,4,28,1,1,East,57.5,0
1734,9.01,39,2488,1,5,1,3,1,South,130.57999999999998,1
1735,9.12,46,333,0,2,7,12,1,North,141.95999999999998,1
1736,2.31,19,967,1,1,14,11,0,South,46.980000000000004,0
1737,7.1,27,509,1,2,18,8,0,North,97.3,0
1738,4.06,30,432,1,3,19,8,1,East,77.47999999999999,0
1739,7.66,42,2384,0,1,7,1,1,North,124.28,1
1740,9.97,13,2393,1,3,22,1,0,East,99.26,0
1741,11.42,51,495,1,3,8,6,0,East,167.86,1
1742,3.12,44,1465,1,3,22,20,1,West,90.96000000000001,1
1743,2.69,36,1293,1,1,27,14,0,North,75.52,1
1744,10.84,58,411,0,2,9,12,0,North,173.72,1
1745,7.11,30,1909,0,5,5,18,1,North,101.88,0
1746,9.11,17,1316,1,3,6,13,0,West,98.38,0
1747,10.12,21,520,1,3,11,15,0,North,112.46,0
1748,10.2,54,1694,1,1,25,4,1,South,162.6,1
1749,9.34,18,2067,1,5,29,6,1,West,101.72,0
1750,2.05,56,1947,0,5,10,16,1,West,100.4,1
1751,6.22,29,1608,0,5,2,11,1,South,93.25999999999999,0
1752,10.39,23,2215,1,1,26,3,1,North,117.62,0
1753,3.31,39,1991,0,3,1,5,0,South,84.98,1
1754,5.28,18,230,0,1,21,1,1,South,69.24000000000001,0
1755,4.05,47,204,1,3,10,9,0,West,102.9,1
1756,3.41,23,1275,0,5,4,15,1,South,61.78,0
1757,11.59,12,1886,1,3,5,8,1,North,110.72,0
1758,4.55,54,785,0,4,8,3,1,South,117.4,1
1759,1.67,28,708,1,1,1,2,0,South,55.36,0
1760,5.89,59,1372,1,2,4,14,1,South,135.62,1
1761,8.21,58,2064,0,3,26,8,1,West,152.68,1
1762,5.75,60,1086,0,3,1,8,1,South,136.0,1
1763,5.27,45,1177,0,1,3,7,0,South,109.66,1
1764,8.86,49,1144,0,1,0,15,1,West,144.38,1
1765,3.27,10,1947,1,1,30,3,0,North,41.16,0
1766,2.75,18,2138,0,5,22,14,0,South,49.0,0
1767,8.92,17,785,0,4,28,10,1,South,96.86,0
1768,11.36,43,1694,1,5,23,9,0,East,155.38,1
1769,8.06,42,579,0,5,18,16,1,South,127.48,1
1770,5.06,32,767,1,5,1,15,1,North,88.47999999999999,1
1771,5.73,50,1508,1,2,2,13,0,South,120.84,1
1772,3.3,28,969,1,4,20,10,1,East,68.4,0
1773,2.72,22,2345,0,5,28,4,0,East,54.760000000000005,0
1774,11.48,32,637,0,3,16,5,1,North,139.84,1
1775,11.62,14,1820,1,1,5,20,0,West,113.96,0
1776,6.34,53,1941,1,4,22,12,0,West,130.22,1
1777,8.82,19,428,0,4,5,8,0,West,99.06,0
1778,10.52,20,1140,0,5,13,5,1,South,114.16,0
1779,2.9,41,1760,0,1,28,6,0,East,84.7,1
1780,11.53,41,341,1,5,3,8,0,West,153.74,1
1781,3.73,51,1731,1,4,2,17,0,North,106.34,1
1782,4.02,13,1760,1,2,29,1,0,East,51.66,0
1783,2.55,38,1031,1,5,15,16,0,West,77.4,1
1784,11.15,21,2379,0,3,3,13,1,West,120.7,0
1785,5.68,32,2214,1,5,10,4,0,East,93.44,1
1786,1.17,51,2353,0,5,17,14,1,South,85.86,1
1787,8.18,35,222,0,5,7,3,0,North,117.94,1
1788,8.99,41,750,1,4,11,15,1,West,133.42000000000002,1
1789,11.08,46,668,1,2,0,4,0,North,157.64,1
1790,2.72,35,2402,0,2,24,19,1,South,74.26,1
1791,6.9,57,926,0,4,29,17,1,South,140.7,1
1792,10.76,15,2265,1,4,6,15,0,West,108.58,0
1793,11.64,57,1586,0,3,16,5,1,East,178.62,1
1794,1.09,52,1606,0,3,11,18,0,East,86.72,1
1795,8.77,32,2235,0,1,6,6,0,East,118.16,1
1796,2.78,19,1120,1,4,3,1,0,North,50.739999999999995,0
1797,5.72,11,2124,0,2,2,10,1,East,62.26,0
1798,6.22,33,1533,0,1,14,9,0,East,99.25999999999999,1
1799,10.32,27,760,0,5,4,10,1,West,123.06,0
1800,3.06,28,2049,1,2,29,20,0,North,66.48,0
1801,4.16,22,1588,1,3,18,14,0,North,66.28,0
1802,9.72,19,1418,1,3,13,13,0,South,106.26,0
1803,8.44,24,925,1,5,30,12,0,West,103.52,0
1804,11.74,35,1568,1,4,30,14,1,East,146.42000000000002,1
1805,2.52,60,1319,0,3,18,9,0,North,110.16,1
1806,3.71,43,891,1,5,6,18,1,East,94.18,1
1807,9.45,52,2499,0,4,18,4,0,South,153.6,1
1808,4.52,57,1151,0,2,11,8,1,East,121.66,1
1809,11.82,48,2492,1,5,27,11,1,South,166.56,1
1810,11.46,47,1311,0,3,29,3,0,North,162.18,1
1811,9.8,42,528,1,5,25,19,0,South,141.4,1
1812,4.75,52,1377,1,4,19,13,1,South,116.0,1
1813,6.76,44,1959,1,3,0,13,0,East,120.08,1
1814,3.13,16,461,1,4,20,19,1,South,49.04,0
1815,8.5,40,2349,0,5,1,10,1,North,128.0,1
1816,8.62,49,679,1,2,17,15,1,South,142.45999999999998,1
1817,5.67,52,1048,1,3,21,12,1,South,123.36,1
1818,3.55,38,410,1,4,24,5,1,South,85.4,1
1819,2.37,50,414,0,2,23,3,0,South,93.96000000000001,1
1820,6.01,28,1073,0,5,23,10,0,West,90.08,0
1821,10.48,35,2069,1,1,20,11,0,South,136.34,1
1822,6.76,14,898,0,1,26,9,0,South,75.08,0
1823,4.71,17,907,0,1,28,5,0,South,63.18,0
1824,7.56,52,1447,0,5,21,1,0,West,138.48,1
1825,6.83,48,1802,0,4,14,2,1,North,126.64,1
1826,10.02,15,216,1,3,4,20,0,North,102.66,0
1827,3.12,29,949,1,5,6,9,1,West,68.46000000000001,0
1828,9.46,42,755,0,5,16,11,1,North,138.68,1
1829,10.91,46,645,0,5,29,20,1,North,156.28,1
1830,8.31,22,2117,1,5,2,8,1,West,99.48,0
1831,10.45,46,565,1,1,29,14,0,North,152.6,1
1832,11.61,13,1547,1,1,25,12,0,West,112.38,0
1833,8.28,41,2387,0,2,15,14,0,North,127.74,1
1834,3.87,10,1327,1,5,21,8,0,South,45.96,0
1835,2.16,40,236,1,4,3,10,0,West,77.28,1
1836,10.18,57,319,0,2,13,16,0,West,166.94,1
1837,9.45,39,1052,0,3,25,6,1,East,134.1,1
1838,9.18,42,1983,1,5,28,10,1,West,136.44,1
1839,6.71,15,1574,1,2,26,3,1,North,76.18,0
1840,11.94,18,1813,1,3,25,5,0,North,122.52,0
1841,10.62,50,648,0,4,15,14,1,West,159.95999999999998,1
1842,3.78,52,566,0,5,18,16,1,South,108.24,1
1843,10.88,40,1876,1,1,28,5,0,West,147.04000000000002,1
1844,3.46,13,1475,0,1,13,20,1,North,47.18,0
1845,6.74,22,937,0,2,24,7,0,South,86.92,0
1846,6.38,47,1896,0,5,12,3,1,West,121.53999999999999,1
1847,2.86,41,1602,1,4,29,18,0,North,84.38,1
1848,11.9,47,210,1,1,0,13,0,East,165.7,1
1849,6.78,51,617,1,4,27,14,1,West,130.74,1
1850,8.55,10,1316,1,5,20,14,0,East,83.4,0
1851,6.86,35,721,0,4,13,15,1,North,107.38,1
1852,8.15,11,440,0,3,12,15,0,East,81.7,0
1853,1.3,42,2437,0,5,21,18,1,West,73.4,1
1854,2.33,22,1810,1,2,18,13,1,South,51.64,0
1855,9.22,10,812,1,3,17,20,1,South,88.76,0
1856,3.07,33,2359,1,5,23,18,0,West,74.06,1
1857,8.2,26,1462,0,3,6,19,0,East,104.6,0
1858,10.9,28,765,1,3,5,5,1,East,129.2,0
1859,2.25,60,1613,1,4,26,15,0,South,108.0,1
1860,2.01,39,1238,1,4,14,5,0,North,74.58,1
1861,11.63,55,2119,1,5,26,12,1,North,175.54000000000002,1
1862,1.79,17,1540,0,1,14,14,1,West,39.82,0
1863,2.76,25,502,0,3,9,6,0,West,59.58,0
1864,3.73,19,1958,0,2,0,20,1,West,58.34,0
1865,8.4,44,1937,1,4,23,5,0,West,133.2,1
1866,2.72,47,260,0,1,29,4,1,South,92.26,1
1867,6.11,26,2319,0,2,1,10,1,North,87.88,0
1868,3.67,32,1387,1,5,14,12,1,South,77.36,1
1869,5.89,32,892,1,3,23,14,1,South,95.12,1
1870,4.95,24,636,1,2,8,7,0,West,75.6,0
1871,10.51,35,803,0,2,24,1,1,South,136.57999999999998,1
1872,1.02,38,659,0,2,6,17,0,West,65.16,1
1873,3.69,55,2471,0,1,9,5,0,South,112.02,1
1874,5.8,56,1333,1,1,6,19,0,North,130.4,1
1875,2.0,43,1704,1,4,29,3,1,South,80.5,1
1876,11.01,22,1157,0,4,8,9,0,West,121.08,0
1877,2.41,35,1060,1,2,10,20,1,West,71.78,1
1878,11.57,23,841,0,4,19,12,1,East,127.06,0
1879,4.14,33,613,0,2,9,18,0,North,82.62,1
1880,7.63,24,1828,0,4,23,15,1,East,97.03999999999999,0
1881,4.87,22,532,0,1,26,17,0,South,71.96000000000001,0
1882,11.42,28,1614,0,3,27,20,0,East,133.36,0
1883,10.53,48,328,0,4,28,10,0,East,156.24,1
1884,3.21,36,351,1,5,27,15,0,South,79.68,1
1885,9.32,42,1801,0,1,15,20,0,North,137.56,1
1886,3.3,42,2103,1,1,7,1,0,South,89.4,1
1887,8.69,35,1899,0,1,13,16,1,East,122.02,1
1888,9.64,60,1638,1,5,12,12,0,North,167.12,1
1889,4.96,27,2267,1,2,12,7,1,North,80.18,0
1890,2.65,52,2211,0,3,29,13,0,North,99.2,1
1891,8.18,27,2116,1,5,17,2,0,South,105.94,0
1892,1.48,55,962,1,5,4,16,1,West,94.34,1
1893,6.95,24,2260,1,3,26,17,1,North,91.6,0
1894,8.0,20,1636,1,4,23,18,0,South,94.0,0
1895,4.16,51,828,1,4,21,18,0,West,109.78,1
1896,9.44,56,2500,1,2,9,8,0,West,159.51999999999998,1
1897,2.06,25,1578,1,2,2,10,1,East,53.980000000000004,0
1898,4.93,24,1844,1,2,20,17,1,West,75.44,0
1899,1.28,35,353,0,2,15,10,0,West,62.74,1
1900,9.25,12,2265,1,5,15,13,0,West,92.0,0
1901,3.31,17,1351,0,4,5,20,0,East,51.980000000000004,0
1902,4.82,52,2480,1,2,21,1,0,South,116.56,1
1903,5.51,10,964,1,3,10,4,1,West,59.08,0
1904,8.11,12,1696,0,3,16,15,1,North,82.88,0
1905,1.24,25,1098,0,4,7,3,1,South,47.42,0
1906,8.24,12,1367,0,1,1,19,1,West,83.92,0
1907,4.87,21,1918,1,4,10,4,0,South,70.46000000000001,0
1908,11.13,29,2008,1,2,16,8,0,West,132.54000000000002,0
1909,6.95,24,1120,0,2,8,19,0,South,91.6,0
1910,4.69,19,384,1,4,18,14,1,South,66.02000000000001,0
1911,6.19,27,556,0,4,18,4,0,North,90.02000000000001,0
1912,7.19,60,1856,0,4,21,16,0,South,147.52,1
1913,7.08,21,624,1,1,23,10,0,North,88.14,0
1914,6.32,19,1804,0,1,10,8,1,South,79.06,0
1915,2.88,11,1339,1,3,30,18,1,North,39.54,0
1916,6.02,17,2295,1,5,25,18,1,North,73.66,0
1917,3.42,13,686,0,2,19,3,1,East,46.86,0
1918,5.2,26,984,0,4,15,16,0,East,80.6,0
1919,2.45,26,1052,1,5,10,10,0,South,58.6,0
1920,6.6,46,240,0,3,13,3,0,West,121.8,1
1921,11.81,60,511,1,5,21,10,1,West,184.48000000000002,1
1922,6.91,25,1628,0,3,18,14,1,South,92.78,0
1923,7.94,15,795,0,4,22,2,1,South,86.02000000000001,0
1924,1.38,19,1413,0,5,30,3,1,West,39.54,0
1925,6.25,26,1830,0,2,25,5,0,South,89.0,0
1926,8.53,39,1205,0,5,26,5,0,North,126.74,1
1927,3.49,59,218,1,5,10,10,0,East,116.42,1
1928,5.72,35,397,0,1,2,10,0,West,98.25999999999999,1
1929,11.4,43,930,0,1,13,14,1,North,155.7,1
1930,5.11,31,270,0,1,15,13,0,South,87.38,1
1931,8.98,27,564,1,3,4,11,0,West,112.34,0
1932,10.97,58,1847,1,2,24,9,0,East,174.76,1
1933,2.28,34,2241,1,3,10,1,1,East,69.24,1
1934,5.06,50,908,1,2,20,20,0,East,115.47999999999999,1
1935,7.21,14,649,1,4,17,12,0,West,78.68,0
1936,2.65,42,671,1,1,19,7,0,South,84.2,1
1937,3.88,16,2476,0,3,9,2,1,East,55.04,0
1938,6.36,23,394,1,4,21,7,1,West,85.38,0
1939,6.75,45,1296,1,1,12,20,0,South,121.5,1
1940,7.21,34,1896,1,2,21,16,1,West,108.68,1
1941,10.29,16,804,0,1,7,10,0,North,106.32,0
1942,9.96,42,1868,1,5,29,6,0,West,142.68,1
1943,6.99,15,377,1,5,0,15,1,South,78.42,0
1944,10.32,55,738,0,3,3,17,1,East,165.06,1
1945,8.28,31,1863,1,4,26,14,1,South,112.74,1
1946,1.89,35,843,0,3,0,13,1,North,67.62,1
1947,3.31,51,642,1,5,28,18,0,East,102.98,1
1948,1.08,17,2486,0,2,8,16,0,South,34.14,0
1949,3.63,53,1149,0,1,24,7,0,North,108.53999999999999,1
1950,9.74,33,508,0,3,4,8,0,West,127.42,1
1951,4.58,39,859,0,3,1,11,1,West,95.14,1
1952,1.29,26,267,0,1,5,17,1,West,49.32,0
1953,8.74,43,482,1,5,30,3,1,East,134.42000000000002,1
1954,1.62,49,870,1,3,12,6,1,North,86.46000000000001,1
1955,9.34,14,1444,1,5,29,6,1,East,95.72,0
1956,6.76,17,2288,0,4,10,3,0,East,79.58,0
1957,6.61,54,777,0,4,17,9,0,North,133.88,1
1958,5.82,46,854,1,2,28,4,0,East,115.56,1
1959,3.61,40,741,1,3,30,6,0,South,88.88,1
1960,1.48,46,1611,0,1,8,8,0,South,80.84,1
1961,1.57,37,2047,0,5,2,16,0,South,68.06,1
1962,1.41,50,1343,0,4,5,20,0,North,86.28,1
1963,6.71,60,2380,0,4,10,5,0,East,143.68,1
1964,9.28,49,313,1,4,23,7,0,West,147.74,1
1965,10.37,57,1113,0,5,11,10,0,East,168.45999999999998,1
1966,2.4,44,231,1,3,19,15,1,East,85.2,1
1967,6.68,45,2368,0,5,28,12,0,West,120.94,1
1968,1.89,45,2135,1,5,18,20,1,North,82.62,1
1969,2.59,12,1003,0,5,28,17,0,North,38.72,0
1970,10.07,19,2443,1,3,6,3,0,East,109.06,0
1971,4.84,12,986,0,5,11,17,0,East,56.72,0
1972,4.56,10,914,1,2,25,13,1,South,51.48,0
1973,7.57,58,295,0,5,5,19,0,North,147.56,1
1974,6.59,47,1249,0,2,10,8,1,South,123.22,1
1975,9.39,31,1922,1,2,0,19,1,East,121.62,1
1976,5.75,11,858,0,5,24,9,1,North,62.5,0
1977,10.26,42,1932,0,5,2,10,0,East,145.07999999999998,1
1978,9.0,33,1764,0,2,0,9,0,West,121.5,1
1979,5.5,58,1070,0,5,11,12,0,North,131.0,1
1980,10.26,36,1758,1,5,18,20,0,West,136.07999999999998,1
1981,3.09,26,1518,0,2,24,16,0,East,63.72,0
1982,10.29,44,1004,1,4,11,7,0,North,148.32,1
1983,7.31,56,597,1,3,1,19,1,North,142.48,1
1984,1.82,10,606,1,4,7,16,0,West,29.560000000000002,0
1985,5.17,45,2039,0,1,26,20,0,East,108.86,1
1986,4.18,16,868,0,1,15,4,1,North,57.44,0
1987,3.85,41,845,1,3,14,15,1,West,92.3,1
1988,1.88,60,1092,0,3,26,16,1,West,105.03999999999999,1
1989,7.01,20,2331,0,2,30,11,0,East,86.08,0
1990,11.19,56,855,1,2,7,4,0,East,173.51999999999998,1
1991,2.87,41,790,1,1,23,8,1,East,84.46000000000001,1
1992,1.96,36,1731,1,1,20,16,1,West,69.68,1
1993,8.96,19,2059,1,4,15,14,1,North,100.18,0
1994,11.86,30,972,1,4,14,13,0,East,139.88,0
1995,5.24,20,948,0,2,19,8,0,East,71.92,0
1996,7.54,21,2486,1,2,3,16,1,South,91.82,0
1997,1.63,36,1473,0,3,24,20,0,West,67.03999999999999,1
1998,7.34,20,1935,1,3,29,15,1,West,88.72,0
1999,2.45,58,256,0,2,8,10,1,West,106.6,1
2000,9.15,55,906,0,1,2,10,1,East,155.7,1
2001,1.33,48,318,0,3,23,20,0,East,82.64,1
2002,2.64,44,655,1,5,12,15,1,West,87.12,1
2003,3.34,56,827,0,1,9,6,0,South,110.72,1
2004,5.64,29,2205,1,3,11,16,0,South,88.62,0
2005,4.01,19,1309,0,2,30,15,0,North,60.58,0
2006,1.73,36,2343,1,5,9,8,1,East,67.84,1
2007,4.91,25,1925,0,4,23,1,1,East,76.78,0
2008,11.98,36,464,1,5,19,16,0,North,149.84,1
2009,2.68,52,2062,1,2,24,17,0,West,99.44,1
2010,9.53,58,676,1,2,8,4,0,North,163.24,1
2011,4.82,50,2112,1,3,5,7,1,West,113.56,1
2012,10.58,27,1642,1,4,8,9,0,North,125.14,0
2013,3.5,26,596,1,2,15,20,0,North,67.0,0
2014,8.29,41,1853,1,3,11,20,1,East,127.82,1
2015,11.72,12,516,1,3,26,7,0,West,111.76,0
2016,3.89,54,296,1,3,7,20,0,West,112.12,1
2017,10.53,44,1388,1,5,27,15,1,East,150.24,1
2018,5.81,14,2046,0,1,1,7,1,South,67.47999999999999,0
2019,10.48,19,1582,0,2,22,17,0,East,112.34,0
2020,8.78,22,2256,1,5,4,4,1,West,103.24,0
2021,3.42,28,2465,0,3,30,12,1,West,69.36,0
2022,11.26,21,478,0,5,2,1,1,North,121.58,0
2023,7.48,57,1876,1,2,28,4,1,East,145.34,1
2024,11.41,11,1883,0,1,17,19,1,South,107.78,0
2025,9.19,60,2210,1,2,2,13,0,South,163.51999999999998,1
2026,10.29,31,1040,0,5,11,12,0,West,128.82,1
2027,1.51,39,357,1,2,4,11,0,North,70.58,1
2028,11.81,10,1855,0,4,25,5,0,North,109.48,0
2029,5.63,41,791,1,1,15,16,1,West,106.53999999999999,1
2030,10.45,25,530,1,3,26,11,1,South,121.1,0
2031,10.11,57,1449,1,1,2,15,1,East,166.38,1
2032,10.33,55,1344,0,3,21,15,1,West,165.14,1
2033,11.21,15,1566,1,4,9,7,0,East,112.18,0
2034,4.12,14,1203,1,3,28,4,1,East,53.96,0
2035,11.85,37,1582,1,3,22,8,1,South,150.3,1
2036,9.55,33,573,1,3,1,6,0,East,125.9,1
2037,3.5,44,2017,0,5,18,15,0,North,94.0,1
2038,10.92,48,808,1,5,20,14,0,East,159.36,1
2039,10.04,56,749,1,1,19,4,1,West,164.32,1
2040,10.79,51,1640,0,3,26,20,0,East,162.82,1
2041,1.06,21,400,0,2,15,17,0,East,39.980000000000004,0
2042,7.97,21,1376,0,1,24,12,1,South,95.25999999999999,0
2043,1.08,29,2132,0,3,7,6,0,South,52.14,0
2044,11.74,53,568,1,3,16,17,0,East,173.42000000000002,1
2045,3.24,31,378,0,1,30,7,0,East,72.42,1
2046,8.53,42,497,1,4,26,11,1,North,131.24,1
2047,11.94,23,2160,1,4,9,17,0,South,130.01999999999998,0
2048,11.99,46,616,1,2,17,16,0,West,164.92000000000002,1
2049,7.46,38,1939,1,1,20,14,0,South,116.68,1
2050,5.84,24,1734,1,3,8,8,1,West,82.72,0
2051,7.29,46,1263,1,5,2,16,1,North,127.32,1
2052,2.91,18,747,0,3,20,15,1,East,50.28,0
2053,11.83,29,1428,0,1,7,10,1,West,138.14,0
2054,2.21,11,1231,0,3,18,17,0,West,34.18,0
2055,8.53,58,1047,0,4,29,11,0,West,155.24,1
2056,4.5,50,1136,0,2,12,3,1,South,111.0,1
2057,5.31,60,1153,0,1,25,10,1,South,132.48,1
2058,6.51,26,2243,1,4,17,19,0,East,91.08,0
2059,1.43,38,2412,1,2,5,4,1,North,68.44,1
2060,7.22,58,1099,1,5,10,8,1,North,144.76,1
2061,10.56,37,2010,1,5,0,20,1,East,139.98000000000002,1
2062,9.73,24,351,1,1,2,4,0,North,113.84,0
2063,9.0,24,1083,1,4,22,19,1,South,108.0,0
2064,8.31,44,1966,1,3,20,4,0,West,132.48000000000002,1
2065,3.71,48,1743,0,2,19,8,0,North,101.68,1
2066,6.27,14,1183,1,3,28,3,1,North,71.16,0
2067,10.1,14,337,1,5,4,15,0,West,101.8,0
2068,2.29,41,2086,1,5,17,5,1,East,79.82,1
2069,11.64,60,2107,0,1,7,9,1,West,183.12,1
2070,7.09,30,1548,0,5,4,4,1,West,101.72,0
2071,3.16,38,2353,1,4,21,11,0,North,82.28,1
2072,3.25,29,724,0,5,21,9,0,East,69.5,0
2073,3.02,17,268,1,5,23,11,1,South,49.66,0
2074,3.54,16,2293,1,1,12,19,0,East,52.32,0
2075,9.91,51,1382,0,5,12,7,0,East,155.78,1
2076,4.14,11,1638,0,5,21,8,1,South,49.62,0
2077,7.65,35,1825,1,4,19,14,1,North,113.7,1
2078,3.32,33,2093,1,5,25,7,1,West,76.06,1
2079,2.01,56,284,0,5,11,15,1,East,100.08,1
2080,1.91,17,2484,1,3,12,17,1,East,40.78,0
2081,7.3,28,694,1,3,24,20,1,West,100.4,0
2082,8.55,39,1713,1,5,22,5,0,North,126.9,1
2083,2.54,28,513,1,4,1,1,1,South,62.32,0
2084,4.61,50,1726,1,1,15,3,1,South,111.88,1
2085,5.82,14,1055,0,1,21,11,0,East,67.56,0
2086,7.1,38,1278,0,5,23,4,1,North,113.8,1
2087,4.34,32,1639,1,1,15,19,0,West,82.72,1
2088,2.0,52,2442,0,5,11,9,1,South,94.0,1
2089,6.03,46,1833,0,1,13,15,0,West,117.24000000000001,1
2090,3.63,45,1263,1,3,21,4,1,East,96.53999999999999,1
2091,8.19,22,1623,1,2,9,2,1,South,98.52,0
2092,11.33,38,937,0,3,12,1,0,East,147.64,1
2093,8.65,13,2184,0,3,26,7,1,East,88.7,0
2094,1.72,28,1336,0,2,14,10,1,East,55.76,0
2095,4.14,29,1147,1,4,9,2,1,South,76.62,0
2096,11.28,54,1482,1,4,3,16,0,East,171.24,1
2097,10.35,41,2099,0,1,13,4,0,North,144.3,1
2098,8.77,28,2203,1,1,17,5,0,West,112.16,0
2099,7.7,40,837,0,3,8,11,0,South,121.6,1
2100,11.4,30,251,0,2,6,11,1,West,136.2,0
2101,2.01,13,2459,0,2,27,7,1,West,35.58,0
2102,1.49,16,907,1,1,21,17,0,South,35.92,0
2103,5.68,32,1485,0,2,9,11,0,West,93.44,1
2104,9.38,49,2033,0,3,2,5,1,North,148.54000000000002,1
2105,11.08,50,1046,0,2,1,5,1,East,163.64,1
2106,7.35,30,1733,1,5,2,1,0,West,103.8,0
2107,4.21,15,1311,0,2,21,14,0,East,56.18,0
2108,4.6,12,341,1,3,26,15,1,East,54.8,0
2109,6.6,21,1183,1,2,24,5,0,North,84.3,0
2110,6.67,38,727,1,4,5,8,0,North,110.36,1
2111,1.68,23,960,0,4,6,8,0,East,47.94,0
2112,11.66,18,1897,1,5,25,16,0,West,120.28,0
2113,8.02,11,1370,0,5,24,13,0,North,80.66,0
2114,5.45,48,1595,1,4,14,8,1,South,115.6,1
2115,1.98,32,2133,0,5,15,7,1,East,63.84,1
2116,2.11,14,368,0,5,22,15,0,South,37.879999999999995,0
2117,6.57,13,903,1,2,0,3,1,North,72.06,0
2118,4.87,57,716,0,1,0,8,1,North,124.46000000000001,1
2119,11.71,58,2146,0,4,23,14,1,West,180.68,1
2120,11.66,48,2240,0,5,1,4,1,West,165.28,1
2121,2.01,12,2314,0,2,27,11,1,East,34.08,0
2122,3.6,24,1077,1,1,5,12,1,East,64.8,0
2123,6.87,24,1667,1,3,0,3,0,South,90.96000000000001,0
2124,8.79,32,1405,1,4,0,7,0,South,118.32,1
2125,11.13,50,295,0,3,26,5,1,North,164.04000000000002,1
2126,6.04,49,1969,1,5,23,2,1,East,121.82,1
2127,9.46,26,1803,1,5,20,14,0,North,114.68,0
2128,10.01,24,256,1,2,26,14,0,East,116.08,0
2129,9.18,16,495,1,5,30,13,0,South,97.44,0
2130,7.56,39,2238,1,3,8,10,0,South,118.97999999999999,1
2131,9.85,14,1635,1,5,0,7,0,South,99.8,0
2132,3.53,23,1137,0,4,28,1,0,West,62.739999999999995,0
2133,1.39,58,2491,0,3,22,5,0,West,98.12,1
2134,6.04,16,1378,1,1,20,6,1,North,72.32,0
2135,6.96,51,1827,1,4,26,18,0,North,132.18,1
2136,10.86,42,1872,0,3,21,3,1,East,149.88,1
2137,7.1,52,501,0,4,24,12,0,North,134.8,1
2138,2.95,30,2140,0,2,24,17,0,South,68.6,0
2139,6.95,49,489,0,2,29,7,1,East,129.1,1
2140,3.55,58,2265,1,1,9,10,0,West,115.4,1
2141,4.44,15,1961,0,4,7,18,0,East,58.02,0
2142,5.37,21,1236,0,5,19,20,0,North,74.46000000000001,0
2143,3.91,23,723,1,5,25,17,1,South,65.78,0
2144,8.27,42,757,1,1,25,12,0,South,129.16,1
2145,10.63,10,788,1,4,27,13,0,East,100.04,0
2146,10.17,53,1695,1,4,7,20,1,North,160.86,1
2147,4.81,56,1449,0,5,25,3,1,South,122.47999999999999,1
2148,4.24,19,1440,1,4,19,20,1,East,62.42,0
2149,9.56,54,1520,0,1,19,9,1,East,157.48000000000002,1
2150,9.09,53,2084,0,4,23,8,1,South,152.22,1
2151,6.3,60,848,0,1,11,9,1,East,140.4,1
2152,6.37,10,1125,1,4,1,13,1,North,65.96000000000001,0
2153,8.75,13,1984,1,4,19,4,0,South,89.5,0
2154,9.1,13,1673,0,3,11,9,1,South,92.3,0
2155,8.71,49,1496,1,4,10,1,0,North,143.18,1
2156,8.39,12,2253,1,1,18,8,0,North,85.12,0
2157,1.13,54,2384,0,4,15,1,1,West,90.03999999999999,1
2158,11.0,10,1879,0,3,7,3,1,North,103.0,0
2159,8.97,36,1877,0,2,30,7,1,North,125.76,1
2160,10.74,59,1923,0,2,2,5,1,West,174.42000000000002,1
2161,3.26,42,580,1,4,5,10,0,South,89.08,1
2162,10.22,48,1764,0,1,19,7,1,South,153.76,1
2163,9.07,43,378,1,5,27,4,1,West,137.06,1
2164,4.09,25,1111,1,1,14,16,1,West,70.22,0
2165,11.18,39,1776,1,5,11,3,1,West,147.94,1
2166,3.03,54,2083,1,1,24,6,1,South,105.24,1
2167,5.96,19,410,1,5,3,14,1,West,76.18,0
2168,3.02,26,2094,1,3,26,16,0,West,63.16,0
2169,3.49,47,1991,1,1,28,20,0,South,98.42,1
2170,2.4,42,451,1,1,20,15,1,East,82.2,1
2171,11.4,39,1234,1,1,14,8,0,East,149.7,1
2172,4.85,38,1364,0,2,17,13,0,South,95.8,1
2173,2.0,34,513,1,4,4,8,1,South,67.0,1
2174,11.64,18,1100,0,1,16,7,0,North,120.12,0
2175,1.61,25,573,0,1,1,17,0,South,50.38,0
2176,2.26,22,957,1,3,5,3,1,South,51.08,0
2177,5.64,45,792,0,5,9,15,0,East,112.62,1
2178,9.68,22,2212,1,1,11,4,1,West,110.44,0
2179,4.08,28,942,0,2,1,1,1,East,74.64,0
2180,1.07,42,964,1,3,23,8,0,East,71.56,1
2181,6.18,43,2341,0,1,17,18,0,East,113.94,1
2182,11.9,57,1637,1,3,9,10,1,West,180.7,1
2183,5.82,25,1883,1,4,19,17,0,East,84.06,0
2184,1.45,10,1879,1,4,14,13,0,South,26.6,0
2185,3.35,34,1273,1,5,0,8,0,West,77.8,1
2186,3.05,11,2441,0,3,11,2,1,West,40.9,0
2187,2.31,31,2025,1,3,24,9,1,South,64.98,1
2188,10.81,45,1262,0,3,23,13,0,East,153.98000000000002,1
2189,9.47,27,1738,0,1,2,12,1,East,116.26,0
2190,10.58,48,491,1,3,27,15,1,East,156.64,1
2191,5.01,19,1404,0,4,14,9,1,West,68.58,0
2192,6.39,26,867,0,5,29,19,0,North,90.12,0
2193,3.53,55,878,0,4,21,8,0,South,110.74,1
2194,10.38,23,833,1,3,9,13,1,North,117.54,0
2195,7.72,30,470,1,2,30,10,1,East,106.75999999999999,0
2196,2.53,20,2337,0,5,10,20,0,South,50.239999999999995,0
2197,6.91,57,1505,0,3,6,17,0,West,140.78,1
2198,3.9,29,1714,0,2,13,2,1,North,74.7,0
2199,8.11,11,570,0,1,16,4,1,South,81.38,0
2200,1.28,33,1796,0,4,26,18,0,East,59.74,1
2201,5.14,25,2356,1,5,18,18,1,East,78.62,0
2202,10.09,26,1885,0,5,30,16,1,South,119.72,0
2203,1.59,11,220,0,5,11,16,1,West,29.22,0
2204,1.3,43,611,1,1,19,12,1,West,74.9,1
2205,4.22,31,2250,0,2,2,8,0,North,80.25999999999999,1
2206,9.58,25,443,1,4,24,10,0,South,114.14,0
2207,1.1,12,342,0,5,22,12,1,West,26.8,0
2208,9.84,44,350,0,3,20,1,1,East,144.72,1
2209,4.23,54,663,1,1,10,12,1,East,114.84,1
2210,7.97,25,741,1,3,8,3,0,East,101.25999999999999,0
2211,1.31,11,849,1,3,5,11,0,South,26.98,0
2212,6.18,14,1582,1,5,22,19,1,North,70.44,0
2213,4.99,50,1048,1,2,21,5,1,South,114.92,1
2214,6.42,52,817,1,2,18,12,1,West,129.36,1
2215,5.76,47,361,1,1,26,9,0,East,116.58,1
2216,8.05,44,241,1,4,22,13,0,North,130.4,1
2217,4.66,39,1473,1,5,22,7,0,North,95.78,1
2218,6.36,26,1114,1,1,10,18,0,West,89.88,0
2219,5.66,46,1772,1,4,4,2,0,West,114.28,1
2220,3.83,25,2068,1,4,19,15,1,West,68.14,0
2221,11.02,45,1013,1,5,20,14,1,South,155.66,1
2222,9.55,33,1607,0,5,10,11,0,North,125.9,1
2223,11.41,55,785,1,4,7,3,0,South,173.78,1
2224,8.48,10,674,0,2,11,11,0,West,82.84,0
2225,10.07,18,2089,0,4,14,16,0,South,107.56,0
2226,2.63,47,2241,1,1,5,11,0,South,91.53999999999999,1
2227,4.14,41,245,1,4,2,1,0,East,94.62,1
2228,5.54,45,1600,1,4,2,14,0,North,111.82,1
2229,6.88,23,792,1,3,7,10,0,North,89.53999999999999,0
2230,4.21,42,1484,1,5,10,7,0,South,96.68,1
2231,9.53,33,1910,0,2,22,13,1,East,125.74,1
2232,1.5,50,672,1,5,8,16,1,East,87.0,1
2233,4.34,60,1517,0,5,25,18,1,South,124.72,1
2234,4.87,32,2472,0,5,3,1,1,West,86.96000000000001,1
2235,10.12,10,1396,1,3,2,8,0,North,95.96,0
2236,10.16,19,1362,1,2,12,7,0,South,109.78,0
2237,9.94,46,546,1,2,18,3,1,West,148.51999999999998,1
2238,9.14,51,976,1,1,24,5,0,East,149.62,1
2239,4.95,32,1261,0,4,8,13,1,East,87.6,1
2240,9.35,35,1402,1,1,4,11,0,West,127.3,1
2241,8.33,37,1516,0,4,11,15,1,North,122.14,1
2242,6.67,30,1242,0,4,16,20,1,South,98.36,0
2243,2.43,19,1626,0,3,0,1,0,North,47.94,0
2244,7.38,28,1612,1,5,29,20,0,North,101.03999999999999,0
2245,5.92,32,773,1,3,0,20,1,North,95.36,1
2246,2.54,14,1678,1,3,15,18,0,South,41.32,0
2247,4.51,23,1897,1,2,15,16,0,East,70.58,0
2248,6.69,50,239,0,3,25,6,0,West,128.52,1
2249,10.85,45,2151,0,5,9,17,0,West,154.3,1
2250,4.23,60,1047,0,5,1,3,1,West,123.84,1
2251,6.84,16,1125,1,1,22,8,0,South,78.72,0
2252,5.76,46,604,0,4,2,6,1,North,115.08,1
2253,10.74,38,849,1,4,24,11,0,West,142.92000000000002,1
2254,9.07,58,2463,1,4,14,10,0,South,159.56,1
2255,1.38,12,1048,1,1,10,18,1,South,29.04,0
2256,11.17,51,263,1,2,5,12,1,South,165.86,1
2257,5.25,50,989,1,5,24,6,0,South,117.0,1
2258,2.12,12,868,0,1,29,18,0,North,34.96,0
2259,1.65,37,2043,1,3,23,11,0,East,68.7,1
2260,2.6,13,772,1,2,0,6,0,West,40.3,0
2261,11.05,39,1871,1,2,14,19,0,North,146.9,1
2262,5.29,23,2255,0,2,13,16,1,East,76.82,0
2263,5.05,13,1479,0,5,8,17,0,West,59.9,0
2264,1.36,45,293,1,3,1,5,0,East,78.38,1
2265,4.17,30,790,1,3,4,8,0,East,78.36,0
2266,2.39,15,1677,0,2,23,17,0,South,41.620000000000005,0
2267,4.95,13,833,1,4,3,20,0,West,59.1,0
2268,9.23,41,925,1,1,12,5,0,West,135.34,1
2269,7.39,52,755,0,4,6,20,0,West,137.12,1
2270,6.17,19,2500,1,1,30,13,1,East,77.86,0
2271,10.65,16,2235,1,3,13,9,1,South,109.2,0
2272,4.24,27,2350,0,2,0,14,0,North,74.42,0
2273,3.68,47,1776,0,5,27,8,0,North,99.94,1
2274,5.07,14,681,1,2,27,7,0,North,61.56,0
2275,1.65,39,2474,1,5,21,7,1,North,71.7,1
2276,7.32,54,1162,1,1,2,17,1,South,139.56,1
2277,6.42,42,792,1,4,12,14,0,West,114.36,1
2278,8.26,36,2376,0,5,14,3,0,South,120.08,1
2279,4.46,56,2332,1,5,8,8,0,North,119.68,1
2280,3.58,52,1097,1,3,1,16,1,South,106.64,1
2281,5.32,30,1935,0,2,26,11,1,East,87.56,0
2282,1.39,30,1607,0,4,21,8,0,East,56.12,0
2283,3.58,29,1786,0,5,0,9,0,East,72.14,0
2284,7.3,53,2331,1,4,5,11,1,South,137.9,1
2285,5.95,28,2111,0,2,11,5,0,North,89.6,0
2286,5.56,23,1726,0,3,16,6,1,East,78.97999999999999,0
2287,9.9,20,656,0,3,29,3,0,West,109.2,0
2288,8.3,51,2238,1,4,1,1,1,South,142.9,1
2289,4.44,38,2241,0,3,24,1,1,West,92.52000000000001,1
2290,11.54,17,1637,0,1,30,4,0,West,117.82,0
2291,10.3,46,299,0,2,14,13,0,West,151.4,1
2292,2.41,50,273,1,4,24,14,0,South,94.28,1
2293,4.17,44,793,0,3,28,9,0,South,99.36,1
2294,10.14,35,1279,0,5,24,5,0,North,133.62,1
2295,3.35,41,824,1,1,7,7,0,South,88.3,1
2296,1.01,41,523,1,2,11,9,1,South,69.58,1
2297,10.44,18,2215,0,2,20,3,1,West,110.52,0
2298,11.74,35,1443,1,4,15,5,1,South,146.42000000000002,1
2299,10.53,48,750,0,1,20,20,0,South,156.24,1
2300,4.43,46,786,1,4,3,2,1,North,104.44,1
2301,3.66,28,1910,1,3,6,8,0,North,71.28,0
2302,3.86,43,1471,1,1,26,19,0,South,95.38,1
2303,5.1,36,564,0,3,1,2,1,East,94.8,1
2304,3.69,11,1443,0,3,17,15,1,South,46.019999999999996,0
2305,3.44,26,1388,1,1,2,4,1,South,66.52,0
2306,2.09,44,481,1,3,20,9,1,South,82.72,1
2307,5.27,36,1752,1,5,25,7,0,North,96.16,1
2308,4.87,58,763,1,4,16,7,0,North,125.96000000000001,1
2309,5.49,50,246,1,4,1,15,0,North,118.92,1
2310,3.36,16,1342,0,2,21,18,0,West,50.879999999999995,0
2311,7.75,29,2355,1,5,5,16,0,West,105.5,0
2312,8.07,26,933,1,2,28,18,0,North,103.56,0
2313,5.38,44,471,1,3,28,8,1,West,109.03999999999999,1
2314,6.68,23,1552,1,3,11,14,0,East,87.94,0
2315,5.43,28,1550,0,1,10,20,0,South,85.44,0
2316,9.01,19,2462,1,2,16,7,0,West,100.58,0
2317,10.54,44,751,1,3,8,14,0,East,150.32,1
2318,11.14,14,381,1,5,29,20,1,West,110.12,0
2319,9.53,54,552,1,2,28,17,0,West,157.24,1
2320,1.31,48,1808,0,2,25,15,1,West,82.48,1
2321,6.95,44,1373,0,5,5,12,1,East,121.6,1
2322,1.98,51,833,1,2,27,3,1,East,92.34,1
2323,2.6,53,1956,0,3,14,11,0,West,100.3,1
2324,2.28,13,1916,0,3,4,17,0,East,37.739999999999995,0
2325,8.04,11,237,0,4,2,16,0,North,80.82,0
2326,9.52,34,1643,0,3,25,4,1,North,127.16,1
2327,3.43,18,1695,0,5,26,13,0,North,54.44,0
2328,5.38,18,1005,1,2,26,2,1,North,70.03999999999999,0
2329,3.82,23,548,0,2,12,6,1,North,65.06,0
2330,8.48,48,929,0,4,20,2,0,West,139.84,1
2331,5.05,43,1765,0,3,24,20,0,West,104.9,1
2332,2.6,14,2220,1,4,19,5,1,South,41.8,0
2333,9.47,24,1911,1,3,20,1,0,South,111.76,0
2334,4.76,13,217,0,4,10,2,1,East,57.58,0
2335,2.32,10,688,0,3,21,15,0,North,33.56,0
2336,5.35,20,2387,1,5,28,2,1,North,72.8,0
2337,2.99,53,2256,1,3,8,2,1,South,103.42,1
2338,6.64,13,698,0,3,6,10,1,South,72.62,0
2339,3.7,51,594,1,5,14,19,1,North,106.1,1
2340,2.89,38,326,1,3,29,16,1,North,80.12,1
2341,10.21,19,2179,1,3,25,11,0,West,110.18,0
2342,8.22,56,1437,1,5,16,2,0,West,149.76,1
2343,11.77,46,1976,0,1,1,2,0,West,163.16,1
2344,10.03,33,1667,1,5,7,16,1,North,129.74,1
2345,9.55,60,606,0,5,20,20,0,West,166.4,1
2346,9.83,32,965,0,2,10,10,0,North,126.64,1
2347,5.85,16,1887,0,5,3,17,1,North,70.8,0
2348,7.44,33,423,1,2,16,2,0,East,109.02000000000001,1
2349,3.88,45,668,1,1,27,3,0,South,98.53999999999999,1
2350,3.69,53,333,1,4,29,9,1,South,109.02,1
2351,7.41,20,504,1,3,22,10,1,South,89.28,0
2352,10.93,47,1763,0,2,14,4,0,West,157.94,1
2353,10.71,47,2129,0,2,16,15,0,North,156.18,1
2354,11.47,33,378,0,3,5,20,1,West,141.26,1
2355,7.95,58,2073,1,1,30,20,1,South,150.6,1
2356,9.44,39,2413,1,4,13,9,1,East,134.01999999999998,1
2357,7.53,33,1392,1,3,22,5,0,West,109.74000000000001,1
2358,5.21,42,2247,0,5,13,11,0,East,104.68,1
2359,10.15,26,835,1,4,29,6,0,South,120.2,0
2360,5.96,54,1854,0,1,26,2,1,East,128.68,1
2361,1.46,54,2128,0,5,27,5,0,East,92.68,1
2362,9.96,35,2342,0,3,17,16,0,North,132.18,1
2363,8.66,28,548,1,3,24,12,1,West,111.28,0
2364,2.88,56,483,0,4,20,16,1,East,107.03999999999999,1
2365,2.04,40,1066,0,2,11,14,1,South,76.32,1
2366,4.3,44,233,0,1,2,9,0,West,100.4,1
2367,11.15,21,2133,1,1,24,20,1,East,120.7,0
2368,10.04,54,1871,0,4,22,17,1,West,161.32,1
2369,2.09,36,1062,1,2,4,19,1,West,70.72,1
2370,3.62,53,1448,1,3,3,19,0,West,108.46000000000001,1
2371,9.56,50,804,1,3,9,18,1,West,151.48000000000002,1
2372,1.59,12,779,1,1,6,18,1,South,30.72,0
2373,6.86,33,1176,0,2,4,9,0,East,104.38,1
2374,3.2,30,1677,0,2,19,11,1,South,70.6,0
2375,9.78,25,295,0,5,23,5,1,North,115.74,0
2376,3.94,52,1817,1,2,21,3,1,East,109.52,1
2377,11.2,49,1179,0,1,16,10,1,South,163.1,1
2378,8.0,46,291,1,5,0,1,1,South,133.0,1
2379,10.4,51,1731,0,1,18,12,0,South,159.7,1
2380,9.35,22,1971,1,4,7,1,1,South,107.8,0
2381,6.96,55,1562,1,3,5,9,1,East,138.18,1
2382,6.02,22,1268,0,2,20,2,0,West,81.16,0
2383,3.23,18,1728,0,2,13,7,0,West,52.84,0
2384,5.5,50,2093,0,4,21,11,0,East,119.0,1
2385,5.66,34,2188,0,4,4,9,1,East,96.28,1
2386,10.27,37,1764,0,3,8,2,0,North,137.66,1
2387,4.29,31,897,0,4,30,1,0,East,80.82,1
2388,11.94,49,629,0,5,15,10,1,East,169.01999999999998,1
2389,5.98,52,319,0,4,1,4,1,South,125.84,1
2390,5.25,42,608,1,2,27,7,1,East,105.0,1
2391,1.83,43,1164,1,3,17,3,0,East,79.14,1
2392,7.8,12,1435,0,1,14,9,0,South,80.4,0
2393,10.45,39,1505,1,4,16,15,0,East,142.1,1
2394,5.96,12,691,1,5,13,1,0,West,65.68,0
2395,4.21,19,378,1,4,28,7,1,East,62.18,0
2396,8.86,28,2441,1,3,6,18,0,West,112.88,0
2397,11.84,36,1067,1,1,4,9,0,East,148.72,1
2398,2.65,21,829,0,1,19,13,0,West,52.7,0
2399,3.28,35,312,1,4,0,14,1,South,78.74,1
2400,7.33,57,1955,1,3,11,12,0,West,144.14,1
2401,10.62,31,1319,1,3,8,6,0,East,131.45999999999998,1
2402,11.74,59,2029,0,1,30,2,0,East,182.42000000000002,1
2403,1.71,28,384,1,5,21,13,0,North,55.68,0
2404,1.03,30,2010,0,4,10,11,1,North,53.24,0
2405,3.01,42,1063,0,1,22,7,0,West,87.08,1
2406,5.47,11,1339,0,5,7,17,0,South,60.26,0
2407,7.32,24,1781,1,4,24,20,0,South,94.56,0
2408,5.36,55,2426,1,4,7,11,1,West,125.38,1
2409,11.06,51,2245,0,4,0,5,0,East,164.98000000000002,1
2410,9.38,32,429,1,2,10,2,0,East,123.04,1
2411,7.35,24,1321,0,2,11,2,0,West,94.8,0
2412,3.07,34,1952,0,2,27,6,0,North,75.56,1
2413,5.77,52,2465,0,5,7,14,0,South,124.16,1
2414,3.99,41,1937,0,3,25,15,0,West,93.42,1
2415,3.64,42,2465,0,3,18,10,1,West,92.12,1
2416,1.25,10,1353,1,3,19,10,1,West,25.0,0
2417,8.93,41,1391,1,3,10,19,1,South,132.94,1
2418,8.77,17,1878,0,3,7,20,1,West,95.66,0
2419,7.49,19,2483,1,1,15,5,1,North,88.42,0
2420,6.2,12,1118,1,1,30,12,1,East,67.6,0
2421,4.48,15,1349,0,1,14,12,1,East,58.34,0
2422,1.01,49,1160,1,1,28,18,0,South,81.58,1
2423,7.38,20,2457,0,5,24,1,0,East,89.03999999999999,0
2424,8.0,10,233,1,5,30,10,1,South,79.0,0
2425,7.48,39,1963,0,4,7,17,0,East,118.34,1
2426,9.72,32,874,0,1,26,16,1,West,125.76,1
2427,2.56,53,448,0,3,19,15,1,North,99.98,1
2428,4.02,22,1145,0,1,3,9,1,North,65.16,0
2429,11.8,43,2014,1,1,26,4,0,West,158.9,1
2430,9.08,20,1922,0,1,7,20,1,South,102.64,0
2431,4.49,35,850,1,3,20,20,0,South,88.42,1
2432,1.57,35,1222,0,4,11,16,1,East,65.06,1
2433,11.79,56,343,1,4,15,17,0,East,178.32,1
2434,8.21,40,2191,1,2,22,20,1,South,125.68,1
2435,6.57,17,2380,1,3,17,19,0,North,78.06,0
2436,10.61,28,988,0,1,22,13,1,East,126.88,0
2437,11.48,13,879,1,5,5,9,0,South,111.34,0
2438,1.76,60,1255,1,2,13,15,0,West,104.08,1
2439,3.46,15,1309,1,5,19,3,1,East,50.18,0
2440,6.19,15,1998,0,4,5,1,1,North,72.02000000000001,0
2441,9.34,44,1312,1,2,15,2,1,West,140.72,1
2442,9.44,31,982,0,1,22,20,0,North,122.02,1
2443,10.74,25,2033,0,3,0,18,1,West,123.42,0
2444,10.66,43,2478,0,4,0,18,1,North,149.78,1
2445,3.82,28,362,1,3,22,13,1,North,72.56,0
2446,3.35,55,1748,0,2,24,3,1,North,109.3,1
2447,9.86,16,1568,0,3,15,15,1,West,102.88,0
2448,9.03,22,1894,0,3,22,20,1,North,105.24,0
2449,3.43,34,2388,1,1,16,3,0,West,78.44,1
2450,7.0,13,1535,1,2,11,3,0,East,75.5,0
2451,9.77,41,1366,1,2,4,3,1,South,139.66,1
2452,2.28,53,620,1,1,2,12,1,East,97.74,1
2453,7.24,39,505,0,3,13,3,1,East,116.42,1
2454,3.19,60,613,0,4,10,5,1,South,115.52,1
2455,4.41,31,476,1,5,13,19,0,East,81.78,1
2456,11.48,37,2442,0,4,26,16,0,East,147.34,1
2457,4.13,52,2183,1,1,0,17,0,East,111.03999999999999,1
2458,5.82,41,874,0,4,15,17,1,East,108.06,1
2459,6.34,27,938,1,5,30,14,0,West,91.22,0
2460,2.18,23,468,1,3,24,13,0,North,51.94,0
2461,7.54,53,441,0,1,16,8,1,East,139.82,1
2462,4.9,23,1404,0,4,6,5,0,South,73.7,0
2463,10.91,59,1718,1,3,9,13,0,North,175.78,1
2464,11.65,47,764,0,4,19,8,0,East,163.7,1
2465,8.97,55,1641,1,4,22,17,1,West,154.26,1
2466,1.78,30,2360,1,4,26,5,1,North,59.24,0
2467,3.15,46,1260,0,2,0,16,0,West,94.2,1
2468,8.16,53,2140,0,5,4,17,0,South,144.78,1
2469,6.63,17,2284,0,5,3,7,0,East,78.53999999999999,0
2470,4.8,55,2277,1,2,4,10,0,East,120.9,1
2471,4.47,43,1525,1,2,14,4,1,West,100.25999999999999,1
2472,8.61,25,1108,0,4,21,6,1,North,106.38,0
2473,2.7,28,2350,1,4,20,12,1,West,63.6,0
2474,5.53,54,359,0,2,20,12,0,East,125.24000000000001,1
2475,1.13,56,557,0,3,15,5,1,South,93.03999999999999,1
2476,5.51,19,1396,1,3,23,14,1,South,72.58,0
2477,8.19,41,1619,0,2,28,10,0,West,127.02,1
2478,6.13,47,2170,1,3,5,11,1,South,119.53999999999999,1
2479,11.75,28,1573,0,4,28,8,1,North,136.0,0
2480,8.7,48,548,0,5,15,11,1,South,141.6,1
2481,5.47,54,1221,1,5,23,5,0,East,124.75999999999999,1
2482,2.59,22,247,1,2,24,4,1,North,53.72,0
2483,5.4,59,930,1,2,13,13,0,South,131.7,1
2484,1.83,20,201,0,2,17,2,1,West,44.64,0
2485,8.02,44,1356,1,5,27,15,0,North,130.16,1
2486,4.85,21,1211,0,1,24,10,1,North,70.3,0
2487,11.31,48,1513,1,5,14,9,1,North,162.48000000000002,1
2488,9.84,34,2229,0,3,16,4,1,West,129.72,1
2489,2.79,56,1401,0,5,15,20,1,West,106.32,1
2490,11.05,48,888,0,1,21,10,0,South,160.4,1
2491,10.38,26,2246,0,2,2,5,0,South,122.04,0
2492,9.24,51,1932,1,1,26,6,1,East,150.42000000000002,1
2493,7.46,37,1020,1,5,24,18,1,East,115.18,1
2494,3.59,33,1689,0,3,6,14,1,North,78.22,1
2495,4.67,45,2003,0,5,4,2,0,East,104.86,1
2496,4.28,33,1823,1,1,12,1,0,West,83.74000000000001,1
2497,2.46,33,1097,1,5,11,5,1,East,69.18,1
2498,4.07,42,946,0,3,15,5,1,East,95.56,1
2499,8.44,49,499,0,1,4,18,0,North,141.01999999999998,1
2500,1.01,52,2323,1,2,25,10,0,South,86.08,1
2501,4.94,49,1117,1,4,19,1,0,North,113.02000000000001,1
2502,8.44,50,1163,0,3,7,1,0,North,142.51999999999998,1
2503,1.02,36,527,0,1,7,5,0,East,62.16,1
2504,9.71,32,838,1,2,23,19,1,West,125.68,1
2505,4.29,44,1140,0,3,21,4,1,West,100.32,1
2506,4.32,28,427,1,1,16,15,0,East,76.56,0
2507,5.68,58,775,1,1,24,12,0,North,132.44,1
2508,6.76,52,1224,1,4,10,10,1,North,132.07999999999998,1
2509,4.52,43,1325,0,4,24,14,0,North,100.66,1
2510,3.86,30,399,1,3,30,4,0,East,75.88,0
2511,7.99,32,1276,1,3,20,6,0,West,111.92,1
2512,8.01,48,1098,0,4,3,6,0,West,136.07999999999998,1
2513,11.17,27,1924,1,3,22,7,0,North,129.86,0
2514,2.19,33,1422,0,2,21,6,0,East,67.02,1
2515,6.18,21,2172,0,4,19,5,1,West,80.94,0
2516,3.04,25,2144,1,5,9,14,1,North,61.82,0
2517,9.84,53,588,1,4,9,14,1,South,158.22,1
2518,11.89,28,913,0,3,20,3,1,South,137.12,0
2519,5.82,22,2397,1,2,14,14,1,North,79.56,0
2520,11.34,39,2463,1,3,8,16,0,South,149.22,1
2521,7.51,33,926,1,1,18,10,1,West,109.58,1
2522,2.46,34,438,0,5,5,19,1,North,70.68,1
2523,6.05,57,1928,1,1,6,19,1,West,133.9,1
2524,1.23,48,1605,0,1,15,19,1,North,81.84,1
2525,7.14,13,2346,1,4,26,5,1,West,76.62,0
2526,4.4,43,837,0,3,5,8,0,East,99.7,1
2527,3.22,49,1228,1,3,2,11,1,East,99.26,1
2528,11.53,15,1971,1,3,16,19,1,North,114.74,0
2529,11.58,17,770,0,4,14,19,1,East,118.14,0
2530,3.83,36,378,1,4,17,16,1,South,84.64,1
2531,3.0,54,1463,1,3,4,19,1,West,105.0,1
2532,7.57,22,1681,0,1,8,3,0,North,93.56,0
2533,4.99,28,989,1,1,8,3,1,East,81.92,0
2534,11.66,31,343,0,1,8,1,0,North,139.78,1
2535,5.44,53,1590,1,1,13,16,1,East,123.02000000000001,1
2536,2.13,60,1656,1,1,5,17,0,West,107.03999999999999,1
2537,5.4,30,1720,0,4,1,1,1,East,88.2,0
2538,6.89,50,1091,1,2,6,12,1,North,130.12,1
2539,6.11,54,304,1,1,27,8,1,North,129.88,1
2540,11.04,58,1339,0,4,21,10,1,South,175.32,1
2541,8.08,25,1736,0,5,2,15,1,North,102.14,0
2542,5.24,14,1131,0,5,27,7,0,East,62.92,0
2543,5.81,29,526,0,3,14,19,0,West,89.97999999999999,0
2544,7.77,12,1333,0,4,2,15,1,West,80.16,0
2545,10.52,16,771,0,3,5,20,0,East,108.16,0
2546,3.84,22,1088,0,1,5,20,0,North,63.72,0
2547,7.91,40,271,1,3,29,2,1,West,123.28,1
2548,1.13,32,442,1,2,17,3,0,South,57.04,1
2549,11.94,25,2070,1,1,26,9,1,West,133.01999999999998,0
2550,8.49,32,2384,1,4,21,14,1,West,115.92,1
2551,10.86,24,537,0,2,7,17,1,West,122.88,0
2552,4.83,23,417,1,1,17,10,1,North,73.14,0
2553,5.91,56,2421,1,2,29,15,0,North,131.28,1
2554,5.76,51,2039,0,1,23,3,0,West,122.58,1
2555,8.85,48,1384,1,2,0,6,1,North,142.8,1
2556,4.57,10,913,1,2,24,4,1,West,51.56,0
2557,11.82,23,1415,0,1,4,1,1,West,129.06,0
2558,7.46,28,1233,1,1,20,19,0,West,101.68,0
2559,4.16,36,1201,0,2,1,13,0,West,87.28,1
2560,3.88,26,2362,0,4,21,14,0,North,70.03999999999999,0
2561,6.3,58,2250,0,2,25,12,0,East,137.4,1
2562,4.49,19,1810,1,2,15,17,1,North,64.42,0
2563,7.14,13,1534,1,1,4,9,1,North,76.62,0
2564,5.64,34,2473,0,4,25,5,0,South,96.12,1
2565,6.14,57,1395,1,5,9,5,1,North,134.62,1
2566,6.49,26,215,0,1,6,19,0,North,90.92,0
2567,1.22,15,925,1,5,2,17,0,North,32.26,0
2568,9.02,10,1266,0,2,7,4,0,South,87.16,0
2569,3.04,31,2424,1,5,25,20,1,North,70.82,1
2570,10.76,25,2204,0,2,23,5,0,North,123.58,0
2571,8.96,14,956,0,3,17,14,1,South,92.68,0
2572,2.28,16,406,0,3,13,4,1,North,42.239999999999995,0
2573,9.99,54,1840,0,3,7,15,0,South,160.92000000000002,1
2574,5.64,60,450,1,2,22,1,0,West,135.12,1
2575,8.59,31,1465,0,1,22,12,0,West,115.22,1
2576,2.79,40,1904,0,1,10,5,1,South,82.32,1
2577,8.66,43,1500,0,2,5,19,1,North,133.78,1
2578,5.09,58,1750,1,4,15,2,0,West,127.72,1
2579,10.14,58,866,0,3,14,5,0,East,168.12,1
2580,8.24,60,754,1,5,14,13,1,North,155.92000000000002,1
2581,9.64,47,551,1,3,1,17,0,East,147.62,1
2582,4.16,27,209,1,1,15,17,1,North,73.78,0
2583,3.64,53,601,1,5,11,13,0,South,108.62,1
2584,8.14,27,2360,1,1,24,6,0,North,105.62,0
2585,9.37,34,2453,1,3,20,13,0,East,125.96,1
2586,6.62,43,816,0,1,1,6,0,South,117.46000000000001,1
2587,11.78,57,357,0,2,17,16,1,North,179.74,1
2588,5.6,22,972,1,4,29,1,1,North,77.8,0
2589,5.01,21,945,0,3,19,5,1,East,71.58,0
2590,3.79,56,412,1,1,5,6,1,North,114.32,1
2591,1.57,41,488,0,3,1,8,0,West,74.06,1
2592,6.3,52,1965,1,3,8,10,1,East,128.4,1
2593,11.45,39,1017,0,4,23,20,1,North,150.1,1
2594,9.81,28,688,0,1,0,3,1,East,120.48,0
2595,7.92,57,2010,0,3,24,14,1,West,148.86,1
2596,7.97,28,2456,1,4,28,18,0,North,105.75999999999999,0
2597,10.88,42,740,1,2,0,12,1,East,150.04000000000002,1
2598,7.52,56,1677,1,1,21,17,0,East,144.16,1
2599,1.12,42,2367,0,1,14,5,0,East,71.96000000000001,1
2600,11.38,55,1937,0,3,18,11,1,East,173.54000000000002,1
2601,9.71,11,574,0,1,23,4,1,South,94.18,0
2602,8.87,47,1943,0,2,5,6,1,South,141.45999999999998,1
2603,6.99,36,617,0,2,4,1,1,North,109.92,1
2604,2.69,16,1061,0,2,16,13,0,East,45.519999999999996,0
2605,1.42,41,2387,0,5,21,11,0,East,72.86,1
2606,4.02,42,981,1,2,14,11,1,North,95.16,1
2607,6.25,34,1021,1,2,17,6,0,West,101.0,1
2608,3.76,15,1050,0,3,15,7,0,East,52.58,0
2609,8.96,14,335,0,4,11,12,0,East,92.68,0
2610,8.92,30,1794,1,3,12,5,1,West,116.36,0
2611,2.73,27,1329,0,1,21,3,0,North,62.34,0
2612,9.59,34,2387,1,1,15,10,0,South,127.72,1
2613,4.17,48,1510,1,5,14,12,1,East,105.36,1
2614,3.15,34,1037,1,5,16,3,0,East,76.2,1
2615,6.74,36,1654,0,4,24,12,0,South,107.92,1
2616,8.47,27,2260,1,1,30,15,1,South,108.26,0
2617,9.31,47,2367,1,5,11,7,0,South,144.98000000000002,1
2618,3.14,53,598,0,2,16,1,1,South,104.62,1
2619,10.34,53,1991,0,2,11,8,1,East,162.22,1
2620,2.35,49,492,0,1,6,8,1,South,92.3,1
2621,10.79,39,2104,1,4,27,5,1,South,144.82,1
2622,2.87,34,1092,0,3,27,19,0,North,73.96000000000001,1
2623,7.6,51,1541,0,4,9,5,0,North,137.3,1
2624,6.59,39,779,1,2,10,19,1,North,111.22,1
2625,2.3,49,2091,0,2,19,12,1,South,91.9,1
2626,9.29,35,1150,1,3,18,3,1,South,126.82,1
2627,11.37,25,812,0,3,24,12,1,East,128.45999999999998,0
2628,10.55,50,1033,0,4,13,14,1,South,159.4,1
2629,10.16,59,592,0,3,18,10,0,East,169.78,1
2630,10.61,21,2087,0,2,26,3,1,South,116.38,0
2631,5.5,59,484,0,2,30,1,1,West,132.5,1
2632,8.15,45,1206,1,4,18,9,0,East,132.7,1
2633,11.74,45,2250,1,5,29,12,0,East,161.42000000000002,1
2634,9.26,22,1076,0,2,28,9,1,West,107.08,0
2635,5.35,35,1119,0,2,5,17,0,North,95.3,1
2636,3.49,15,1664,1,1,24,9,1,West,50.42,0
2637,5.04,50,860,0,2,9,14,1,East,115.32,1
2638,7.99,29,401,1,3,9,6,1,West,107.42,0
2639,4.09,58,631,1,5,8,9,1,West,119.72,1
2640,11.34,16,1906,0,1,27,14,1,East,114.72,0
2641,2.84,58,1141,0,5,27,11,1,East,109.72,1
2642,11.77,47,1817,0,1,25,5,0,East,164.66,1
2643,4.01,51,293,1,1,10,2,0,North,108.58,1
2644,5.49,59,1793,0,5,27,17,0,West,132.42000000000002,1
2645,3.45,12,1064,0,1,20,10,1,West,45.6,0
2646,4.38,28,279,0,3,28,19,1,North,77.03999999999999,0
2647,11.26,42,717,0,3,7,8,1,South,153.07999999999998,1
2648,2.38,41,1091,1,2,2,3,0,North,80.53999999999999,1
2649,8.18,32,1285,1,3,6,13,0,South,113.44,1
2650,8.36,16,1785,0,1,22,3,0,South,90.88,0
2651,5.04,54,971,1,3,6,7,1,East,121.32,1
2652,5.74,30,2321,1,2,7,17,0,East,90.92,0
2653,4.93,36,629,1,4,22,16,0,North,93.44,1
2654,7.43,59,2229,1,4,9,3,0,South,147.94,1
2655,3.81,29,1058,0,3,15,17,1,North,73.98,0
2656,11.98,54,1622,1,3,0,11,1,North,176.84,1
2657,11.84,16,763,0,5,28,3,1,North,118.72,0
2658,9.01,46,310,0,5,15,13,0,West,141.07999999999998,1
2659,5.48,39,1096,1,3,0,12,1,North,102.34,1
2660,3.65,15,1498,0,4,15,12,1,North,51.7,0
2661,2.46,39,1878,0,1,7,19,1,East,78.18,1
2662,3.34,41,2363,0,1,22,11,0,East,88.22,1
2663,1.93,45,1207,1,2,4,20,0,East,82.94,1
2664,2.1,37,640,1,1,3,11,1,South,72.3,1
2665,8.49,43,284,0,2,22,5,0,West,132.42000000000002,1
2666,1.1,12,1080,1,2,26,5,0,South,26.8,0
2667,1.61,50,970,0,1,30,20,0,West,87.88,1
2668,7.73,33,1965,0,1,1,10,1,North,111.34,1
2669,5.22,11,211,1,1,19,11,1,North,58.26,0
2670,11.34,13,646,1,3,8,4,1,West,110.22,0
2671,6.72,19,725,1,3,27,7,0,East,82.25999999999999,0
2672,3.07,31,2456,0,4,29,16,0,South,71.06,1
2673,4.73,25,2367,1,4,30,9,0,North,75.34,0
2674,6.95,40,1633,1,2,23,2,1,East,115.6,1
2675,4.26,10,495,1,4,5,7,0,East,49.08,0
2676,1.26,60,2480,1,5,27,10,0,East,100.08,1
2677,2.41,18,2006,0,2,14,8,0,North,46.28,0
2678,8.12,42,1553,0,3,17,9,0,East,127.96,1
2679,2.19,26,2022,1,1,25,14,0,West,56.519999999999996,0
2680,7.63,59,1468,1,4,23,17,0,East,149.54,1
2681,2.76,38,962,1,3,15,16,0,North,79.08,1
2682,2.9,24,1744,0,3,30,12,1,South,59.2,0
2683,7.81,15,2179,1,3,2,19,1,South,84.97999999999999,0
2684,10.48,55,2307,0,1,11,3,0,East,166.34,1
2685,2.73,43,1272,0,4,13,13,0,South,86.34,1
2686,10.47,21,676,1,5,11,5,1,East,115.26,0
2687,2.25,46,1075,1,2,16,16,0,South,87.0,1
2688,3.18,40,1546,1,3,16,16,0,East,85.44,1
2689,6.38,59,411,1,5,28,8,0,South,139.54,1
2690,10.36,59,1584,0,2,30,7,0,North,171.38,1
2691,11.21,12,1499,0,3,18,2,1,West,107.68,0
2692,4.85,48,2288,0,4,2,10,0,East,110.8,1
2693,2.15,58,1376,1,3,19,19,1,North,104.2,1
2694,11.59,24,1607,0,2,5,19,1,South,128.72,0
2695,2.33,43,1460,0,5,17,3,1,North,83.14,1
2696,3.36,18,1184,1,3,26,13,1,South,53.879999999999995,0
2697,11.71,43,2179,1,2,16,7,1,East,158.18,1
2698,7.45,24,270,1,5,14,12,0,North,95.6,0
2699,11.04,18,633,1,3,25,16,0,East,115.32,0
2700,10.94,45,1521,0,4,4,17,0,East,155.01999999999998,1
2701,3.26,23,2196,1,5,11,9,1,West,60.58,0
2702,11.06,38,627,1,2,23,13,0,West,145.48000000000002,1
2703,8.01,51,745,0,1,19,1,0,North,140.57999999999998,1
2704,11.06,45,2070,1,5,2,19,0,East,155.98000000000002,1
2705,11.58,56,392,1,3,2,8,1,East,176.64,1
2706,8.85,37,877,0,4,16,2,0,South,126.3,1
2707,6.7,41,1493,0,1,17,6,0,West,115.1,1
2708,8.16,28,1904,1,5,4,18,1,East,107.28,0
2709,11.18,47,2469,1,4,12,15,1,West,159.94,1
2710,5.61,55,1249,0,1,0,15,0,South,127.38,1
2711,7.61,56,1869,1,2,8,7,1,East,144.88,1
2712,6.55,50,1297,1,1,10,3,0,West,127.4,1
2713,11.79,32,872,0,4,6,14,0,South,142.32,1
2714,10.64,41,2286,0,1,10,18,1,North,146.62,1
2715,5.46,54,1931,1,3,5,9,0,South,124.68,1
2716,5.17,38,1295,1,4,24,15,0,East,98.36,1
2717,11.53,39,2202,1,1,27,8,0,East,150.74,1
2718,3.22,21,860,0,1,21,8,0,North,57.260000000000005,0
2719,11.25,45,510,0,4,26,4,1,North,157.5,1
2720,3.41,52,379,1,4,27,3,0,West,105.28,1
2721,4.64,56,2018,1,4,15,5,0,East,121.12,1
2722,10.09,29,2444,1,5,26,19,0,South,124.22,0
2723,3.94,17,1952,1,4,11,11,0,West,57.019999999999996,0
2724,4.08,19,1058,0,4,24,9,0,West,61.14,0
2725,5.21,21,1095,1,5,14,5,0,East,73.18,0
2726,3.69,45,789,0,4,1,12,1,East,97.02,1
2727,11.3,18,1689,1,1,16,3,0,East,117.4,0
2728,11.51,28,1780,1,5,26,2,1,North,134.07999999999998,0
2729,11.85,42,469,1,4,28,10,1,South,157.8,1
2730,11.78,60,755,0,5,14,12,1,South,184.24,1
2731,1.61,37,1379,1,1,9,4,1,South,68.38,1
2732,2.59,37,2074,1,2,25,13,0,East,76.22,1
2733,6.6,45,1661,0,4,8,12,0,South,120.3,1
2734,10.55,53,391,0,1,26,17,0,West,163.9,1
2735,6.37,59,1243,0,3,2,20,1,West,139.46,1
2736,3.37,25,1983,1,1,17,2,1,North,64.46000000000001,0
2737,5.26,54,1499,1,2,29,7,0,South,123.08,1
2738,11.28,11,698,0,2,17,9,1,East,106.74,0
2739,11.93,49,2041,1,2,12,18,0,North,168.94,1
2740,5.44,17,1967,1,1,20,16,0,North,69.02000000000001,0
2741,4.17,41,344,1,5,1,3,1,South,94.86,1
2742,4.43,56,687,1,4,19,9,1,North,119.44,1
2743,10.84,60,1325,1,5,13,18,0,East,176.72,1
2744,1.9,26,907,0,1,27,1,0,South,54.2,0
2745,4.71,34,1148,1,5,16,6,1,East,88.68,1
2746,2.6,17,1051,0,3,30,14,1,South,46.3,0
2747,10.02,11,2326,1,3,9,1,1,North,96.66,0
2748,6.63,28,1881,0,4,28,17,0,West,95.03999999999999,0
2749,11.78,10,1675,1,1,18,14,0,West,109.24,0
2750,5.81,40,2137,1,5,11,13,1,East,106.47999999999999,1
2751,6.13,56,2023,0,4,25,17,0,North,133.04,1
2752,4.95,29,419,1,1,4,14,0,East,83.1,0
2753,11.7,34,1592,1,4,8,18,0,North,144.6,1
2754,6.5,22,2302,1,3,29,12,0,East,85.0,0
2755,3.34,27,1278,0,1,9,3,1,North,67.22,0
2756,8.16,52,1431,1,3,15,3,0,North,143.28,1
2757,6.67,11,2145,1,5,0,6,1,West,69.86,0
2758,9.14,40,1984,1,1,24,14,1,East,133.12,1
2759,4.37,29,1453,0,1,30,6,1,South,78.46000000000001,0
2760,6.55,37,1117,0,5,13,15,0,West,107.9,1
2761,10.72,31,1586,0,4,24,10,0,North,132.26,1
2762,2.81,60,755,0,4,25,11,0,North,112.48,1
2763,9.76,30,732,0,1,27,5,1,East,123.08,0
2764,2.61,25,2347,1,4,18,20,0,West,58.379999999999995,0
2765,9.89,30,1257,1,2,27,5,1,South,124.12,0
2766,1.59,25,1286,0,1,1,8,1,East,50.22,0
2767,4.5,40,793,0,2,28,11,1,North,96.0,1
2768,7.23,18,1717,1,3,16,4,1,North,84.84,0
2769,5.53,31,1028,0,1,21,10,0,South,90.74000000000001,1
2770,10.72,60,1023,1,1,16,16,0,South,175.76,1
2771,7.67,36,2018,1,1,0,20,0,North,115.36,1
2772,5.15,59,960,0,4,28,17,1,East,129.7,1
2773,11.31,49,760,1,1,0,14,0,North,163.98000000000002,1
2774,2.23,17,746,0,1,18,14,0,West,43.34,0
2775,6.16,19,1819,1,1,29,1,0,West,77.78,0
2776,5.55,34,2212,1,3,2,19,0,South,95.4,1
2777,8.2,52,245,1,1,6,12,0,East,143.6,1
2778,1.14,30,456,1,4,3,20,0,East,54.12,0
2779,5.39,45,292,1,5,24,8,1,West,110.62,1
2780,10.96,43,2175,0,2,2,16,1,North,152.18,1
2781,7.49,51,2360,1,3,8,11,0,North,136.42000000000002,1
2782,10.13,21,1189,0,2,29,6,1,South,112.54,0
2783,9.93,52,1835,1,5,23,4,0,South,157.44,1
2784,10.93,21,2097,1,2,5,3,0,North,118.94,0
2785,2.87,42,2277,1,1,5,8,0,North,85.96000000000001,1
2786,8.52,43,1421,0,2,3,4,0,East,132.66,1
2787,10.21,37,1497,0,3,17,14,1,East,137.18,1
2788,1.35,59,2130,1,1,2,15,0,West,99.3,1
2789,8.65,34,1743,1,1,8,2,1,South,120.2,1
2790,3.97,40,1527,0,5,23,17,0,West,91.76,1
2791,6.73,49,1278,0,5,10,4,0,South,127.34,1
2792,4.01,15,1740,1,2,3,8,0,East,54.58,0
2793,8.17,31,1014,1,5,0,4,1,North,111.86,1
2794,5.8,49,2425,1,5,16,17,1,South,119.9,1
2795,8.59,24,1367,0,4,9,5,1,South,104.72,0
2796,2.27,29,1633,0,4,15,15,0,West,61.66,0
2797,3.26,16,1592,1,5,3,16,0,East,50.08,0
2798,8.63,48,1961,0,2,29,14,1,North,141.04000000000002,1
2799,2.78,22,2243,0,3,22,11,1,North,55.239999999999995,0
2800,1.44,19,264,0,5,30,17,0,East,40.019999999999996,0
2801,6.64,39,258,1,3,0,1,0,North,111.62,1
2802,11.99,13,589,0,4,4,10,1,South,115.42,0
2803,11.02,35,793,1,4,9,4,0,East,140.66,1
2804,4.07,41,1334,1,5,17,2,1,South,94.06,1
2805,11.95,41,2397,1,1,11,19,0,East,157.1,1
2806,9.02,48,774,0,2,18,3,0,West,144.16,1
2807,8.33,26,703,0,1,28,18,1,North,105.64,0
2808,1.79,17,541,0,5,11,7,1,South,39.82,0
2809,2.26,23,1825,1,2,5,6,1,East,52.58,0
2810,7.39,41,1713,0,4,25,2,0,North,120.62,1
2811,10.88,35,2044,1,2,14,17,0,North,139.54000000000002,1
2812,11.64,40,1653,0,5,22,14,0,East,153.12,1
2813,3.07,37,306,1,1,26,15,0,West,80.06,1
2814,5.53,50,331,1,4,30,11,1,West,119.24000000000001,1
2815,5.91,60,1679,0,2,29,2,1,East,137.28,1
2816,5.41,22,2119,0,5,16,15,0,South,76.28,0
2817,11.48,55,997,1,5,9,19,1,South,174.34,1
2818,5.5,15,1848,0,2,3,19,1,East,66.5,0
2819,6.01,32,1203,0,5,6,9,0,North,96.08,1
2820,10.74,51,766,0,1,12,14,1,North,162.42000000000002,1
2821,6.52,43,340,1,4,26,16,1,South,116.66,1
2822,10.63,41,2276,0,1,6,7,1,East,146.54000000000002,1
2823,2.52,54,851,1,4,19,17,0,North,101.16,1
2824,1.17,31,958,0,3,28,12,0,South,55.86,1
2825,2.52,20,382,0,2,1,3,1,East,50.16,0
2826,1.34,14,1951,0,2,19,2,1,North,31.72,0
2827,3.16,28,1008,0,3,23,20,0,East,67.28,0
2828,1.99,60,2440,0,2,21,6,0,South,105.92,1
2829,7.74,16,2033,1,2,22,15,1,South,85.92,0
2830,8.36,14,1767,1,3,24,10,1,East,87.88,0
2831,3.14,41,1743,0,3,15,6,1,North,86.62,1
2832,10.44,43,1631,1,3,10,16,0,West,148.01999999999998,1
2833,7.78,21,772,1,1,5,7,1,East,93.74000000000001,0
2834,3.77,13,969,1,2,28,15,0,West,49.66,0
2835,6.13,29,1899,1,4,27,8,1,South,92.53999999999999,0
2836,3.14,54,959,1,2,10,17,0,South,106.12,1
2837,2.79,32,525,1,4,3,11,0,West,70.32,1
2838,3.28,18,1312,0,4,23,4,1,East,53.239999999999995,0
2839,1.68,32,1505,0,1,27,6,0,East,61.44,1
2840,5.19,27,1742,0,4,25,6,0,East,82.02000000000001,0
2841,7.1,22,2427,0,3,23,11,1,North,89.8,0
2842,9.12,47,1713,0,1,21,15,1,North,143.45999999999998,1
2843,6.38,56,1466,1,1,27,1,1,North,135.04,1
2844,5.83,16,2469,0,5,25,9,0,South,70.64,0
2845,1.68,59,2486,0,2,28,2,0,North,101.94,1
2846,11.18,44,2066,1,4,4,5,0,South,155.44,1
2847,3.54,49,1313,1,4,26,19,0,North,101.82,1
2848,5.49,51,1515,0,2,30,11,1,North,120.42,1
2849,9.47,24,864,1,5,12,14,1,South,111.76,0
2850,9.6,55,405,1,1,27,9,0,South,159.3,1
2851,6.43,54,379,0,3,0,17,1,East,132.44,1
2852,8.75,60,2348,0,2,15,12,0,North,160.0,1
2853,4.0,26,2308,1,3,23,20,1,East,71.0,0
2854,4.85,37,2267,1,3,25,2,0,North,94.3,1
2855,11.52,26,878,0,5,17,5,1,North,131.16,0
2856,2.47,49,690,0,5,26,3,0,West,93.26,1
2857,4.94,14,1565,0,3,29,7,1,West,60.52,0
2858,7.46,33,1970,0,1,25,2,0,North,109.18,1
2859,10.26,18,684,1,4,1,2,0,South,109.08,0
2860,1.09,19,2182,1,1,25,5,1,East,37.22,0
2861,2.57,30,1049,1,2,18,15,1,North,65.56,0
2862,7.35,28,2405,1,3,20,2,1,South,100.8,0
2863,1.06,39,526,0,4,27,5,0,North,66.98,1
2864,1.09,28,587,1,4,7,16,0,West,50.72,0
2865,7.76,20,330,1,5,24,14,0,South,92.08,0
2866,2.64,12,1470,1,1,6,12,0,North,39.120000000000005,0
2867,9.91,55,1663,0,1,6,5,1,West,161.78,1
2868,4.07,45,675,1,5,27,2,0,East,100.06,1
2869,8.88,17,1278,1,1,30,16,1,South,96.54,0
2870,1.91,57,453,0,1,5,5,1,North,100.78,1
2871,8.82,59,975,0,1,22,6,0,South,159.06,1
2872,7.35,50,1820,1,3,10,16,1,East,133.8,1
2873,5.09,17,1675,1,5,8,17,1,North,66.22,0
2874,2.06,47,921,0,5,13,3,1,South,86.98,1
2875,4.03,27,1868,1,1,17,18,0,South,72.74000000000001,0
2876,4.65,29,259,1,5,0,15,0,South,80.7,0
2877,6.32,45,1356,1,4,17,16,1,West,118.06,1
2878,1.03,10,648,1,2,4,12,0,East,23.240000000000002,0
2879,2.15,55,632,1,5,19,14,1,South,99.7,1
2880,8.11,28,1142,0,2,10,11,0,South,106.88,0
2881,1.34,41,215,1,1,0,12,1,West,72.22,1
2882,9.01,50,2492,0,1,20,10,0,South,147.07999999999998,1
2883,3.37,18,955,0,1,28,1,0,West,53.96,0
2884,4.05,45,1493,1,2,3,12,1,East,99.9,1
2885,5.27,15,740,0,1,0,1,1,East,64.66,0
2886,9.79,44,803,0,3,27,9,1,South,144.32,1
2887,10.17,30,1915,0,4,27,5,0,West,126.36,0
2888,1.41,32,650,1,1,17,8,0,East,59.28,1
2889,8.4,60,370,0,2,8,3,1,South,157.2,1
2890,3.38,34,282,1,1,18,14,1,North,78.03999999999999,1
2891,4.83,45,2313,1,1,1,17,0,South,106.14,1
2892,3.72,13,848,1,5,3,15,1,East,49.260000000000005,0
2893,1.56,53,706,0,3,10,16,1,North,91.98,1
2894,10.09,24,351,0,1,29,15,0,West,116.72,0
2895,10.96,60,1663,0,2,11,18,0,West,177.68,1
2896,10.91,60,1354,1,4,9,9,1,West,177.28,1
2897,9.63,49,656,1,1,19,6,0,North,150.54000000000002,1
2898,10.89,60,676,1,2,20,8,1,South,177.12,1
2899,7.67,19,2279,0,1,7,5,0,East,89.86,0
2900,3.5,54,1417,0,5,19,1,0,North,109.0,1
2901,2.11,40,798,0,2,30,1,0,South,76.88,1
2902,7.73,32,432,1,4,20,15,1,West,109.84,1
2903,4.69,33,2071,1,3,6,9,1,South,87.02000000000001,1
2904,5.4,12,1075,1,1,2,8,0,North,61.2,0
2905,7.99,31,1985,0,4,6,18,1,East,110.42,1
2906,3.8,56,1158,0,1,19,9,0,North,114.4,1
2907,2.92,15,1250,1,3,25,13,1,West,45.86,0
2908,3.05,28,1739,0,3,28,9,1,West,66.4,0
2909,2.34,20,534,1,3,10,20,1,North,48.72,0
2910,6.7,28,2288,0,5,29,6,1,East,95.6,0
2911,3.3,48,1531,0,2,10,15,1,East,98.4,1
2912,1.6,44,2379,0,3,15,20,0,West,78.8,1
2913,8.23,23,2220,1,2,26,11,1,East,100.34,0
2914,2.94,28,1424,0,2,13,19,0,South,65.52,0
2915,9.1,12,831,1,2,13,1,1,North,90.8,0
2916,5.86,26,2112,1,3,18,5,0,West,85.88,0
2917,6.03,60,504,0,4,3,5,0,East,138.24,1
2918,4.32,43,705,0,1,27,12,1,North,99.06,1
2919,4.02,41,2128,1,5,27,11,1,West,93.66,1
2920,4.57,12,2002,0,2,29,1,0,West,54.56,0
2921,9.9,46,280,0,1,21,10,0,West,148.2,1
2922,2.95,15,2226,0,4,21,14,1,North,46.1,0
2923,4.6,12,326,1,4,25,8,1,East,54.8,0
2924,1.38,40,1553,1,3,26,9,1,East,71.03999999999999,1
2925,8.99,25,2433,1,3,16,1,0,West,109.42,0
2926,8.93,13,983,1,1,22,6,1,East,90.94,0
2927,4.13,47,1421,1,4,29,5,1,East,103.53999999999999,1
2928,9.77,41,1456,0,5,22,11,0,South,139.66,1
2929,4.92,48,2449,0,4,18,9,0,North,111.36,1
2930,9.45,38,1062,1,2,25,20,0,North,132.6,1
2931,2.49,11,1538,0,5,14,7,1,North,36.42,0
2932,3.26,46,1596,0,1,10,7,1,West,95.08,1
2933,7.65,14,676,1,4,5,9,0,North,82.2,0
2934,6.09,23,1168,0,5,19,6,1,South,83.22,0
2935,7.27,58,1975,1,5,14,18,1,North,145.16,1
2936,7.82,56,807,0,1,1,6,0,East,146.56,1
2937,11.0,34,1161,0,4,2,15,1,West,139.0,1
2938,4.64,40,1663,0,1,2,9,0,East,97.12,1
2939,1.11,39,1423,1,4,6,18,1,South,67.38,1
2940,3.89,28,1866,1,3,27,19,1,North,73.12,0
2941,7.84,52,919,0,1,23,4,0,South,140.72,1
2942,9.83,18,584,0,1,29,19,1,North,105.64,0
2943,5.49,25,733,1,4,24,9,1,North,81.42,0
2944,10.96,23,269,1,1,5,14,0,North,122.18,0
2945,4.81,26,1060,0,2,12,1,1,East,77.47999999999999,0
2946,1.28,19,1768,0,3,5,4,1,East,38.74,0
2947,8.07,55,1448,1,1,20,11,1,East,147.06,1
2948,5.75,22,2070,1,5,16,2,0,South,79.0,0
2949,2.65,39,584,0,3,8,1,0,East,79.7,1
2950,6.25,24,486,0,3,27,7,0,South,86.0,0
2951,8.87,57,1041,1,1,11,6,1,South,156.45999999999998,1
2952,1.48,38,1117,1,1,25,18,0,North,68.84,1
2953,10.46,58,1246,0,4,3,12,1,South,170.68,1
2954,7.7,43,1026,0,5,10,20,0,North,126.1,1
2955,11.34,16,702,1,5,28,2,1,North,114.72,0
2956,4.38,34,386,0,2,7,13,1,North,86.03999999999999,1
2957,7.65,37,427,0,2,19,4,0,South,116.7,1
2958,12.0,39,559,0,5,5,11,0,North,154.5,1
2959,5.98,21,2383,1,2,21,15,1,North,79.34,0
2960,8.07,37,1078,0,5,14,10,1,East,120.06,1
2961,3.15,28,1898,1,2,6,3,0,North,67.2,0
2962,9.73,20,1488,1,2,23,10,0,West,107.84,0
2963,9.49,36,1512,0,4,18,5,1,South,129.92000000000002,1
2964,3.75,32,1404,0,3,22,14,1,East,78.0,1
2965,1.7,45,2004,1,3,16,11,0,East,81.1,1
2966,4.77,46,2068,0,4,4,12,1,North,107.16,1
2967,1.49,38,551,0,2,23,13,1,South,68.92,1
2968,8.15,47,2495,0,4,5,11,0,East,135.7,1
2969,9.36,21,635,1,4,22,17,0,East,106.38,0
2970,2.53,41,826,1,5,1,13,1,North,81.74,1
2971,5.5,35,284,1,3,23,3,1,North,96.5,1
2972,1.02,32,203,1,5,20,16,1,South,56.16,1
2973,10.73,44,546,0,1,17,11,1,East,151.84,1
2974,9.32,47,647,1,3,30,5,1,South,145.06,1
2975,4.91,34,709,0,2,27,7,0,East,90.28,1
2976,1.14,20,1996,1,2,16,13,0,West,39.12,0
2977,3.28,15,858,1,4,0,13,0,East,48.739999999999995,0
2978,11.44,42,1361,1,5,9,17,0,West,154.51999999999998,1
2979,1.06,26,1924,0,4,7,5,0,West,47.480000000000004,0
2980,6.16,22,2490,0,3,16,12,1,East,82.28,0
2981,8.0,26,1757,0,4,30,4,1,South,103.0,0
2982,7.31,27,1611,0,4,0,17,1,East,98.97999999999999,0
2983,5.33,22,1669,1,4,30,16,0,North,75.64,0
2984,10.2,59,1448,1,3,14,6,0,South,170.1,1
2985,8.17,26,727,0,2,27,9,0,South,104.36,0
2986,1.78,22,1338,0,2,20,2,1,South,47.24,0
2987,10.27,24,1622,0,1,28,1,0,East,118.16,0
2988,9.7,52,2074,0,4,15,7,1,North,155.6,1
2989,6.34,50,333,0,4,25,16,1,South,125.72,1
2990,7.01,26,2049,0,1,11,11,1,East,95.08,0
2991,2.2,45,1456,0,4,24,12,1,North,85.1,1
2992,8.36,28,1688,1,4,1,3,0,West,108.88,0
2993,9.68,22,591,0,4,10,19,0,North,110.44,0
2994,9.81,56,1254,1,5,17,17,0,South,162.48000000000002,1
2995,6.91,20,436,0,5,20,16,1,East,85.28,0
2996,1.71,59,571,0,4,27,15,0,West,102.18,1
2997,5.23,49,840,0,1,4,6,0,North,115.34,1
2998,6.68,46,2196,0,2,29,6,0,East,122.44,1
2999,9.4,17,1835,1,1,8,8,0,West,100.7,0
