order_id,distance_km,delivery_time,order_value,peak_hour,batch_size,rider_idle_time,warehouse_wait_time,cancelled,city_zone
0,8.31,53,2280,1,1,4,6,0,South
1,1.39,51,783,1,1,4,10,0,North
2,5.03,42,1504,1,1,17,5,1,North
3,8.16,54,376,0,4,0,18,0,North
4,1.14,58,984,1,2,25,13,0,East
5,9.61,18,798,1,4,21,4,0,West
6,4.89,12,1461,0,1,26,5,1,West
7,8.68,31,557,0,5,29,8,0,East
8,10.39,54,563,1,3,7,2,0,East
9,4.9,55,1868,1,4,15,3,0,West
10,6.27,44,1650,1,1,9,14,0,South
11,3.84,23,1318,1,5,11,20,0,West
12,7.21,22,690,1,3,29,14,0,East
13,6.68,11,1947,0,5,4,16,1,North
14,2.6,20,1249,0,5,27,15,0,East
15,2.36,42,1685,0,3,3,19,0,East
16,6.75,55,2344,0,5,6,2,0,North
17,7.85,55,1152,0,2,27,14,0,East
18,1.32,45,306,1,1,28,10,0,South
19,8.29,39,2096,1,2,18,19,0,East
20,2.44,18,216,1,3,6,5,0,East
21,2.74,31,1174,1,2,20,20,0,West
22,2.03,23,1888,0,5,21,2,1,East
23,4.13,17,1561,1,5,26,11,0,West
24,1.1,20,1956,0,2,24,17,0,North
25,10.54,19,1139,0,4,5,7,0,South
26,2.71,34,1906,1,4,26,4,1,North
27,1.6,58,969,0,2,23,13,0,North
28,10.45,50,2351,1,5,24,16,0,South
29,11.31,22,1268,1,2,29,17,0,South
30,6.21,59,1618,0,2,0,17,0,West
31,8.09,30,1699,0,3,29,4,0,South
32,8.36,18,1688,1,4,23,13,0,West
33,1.03,34,2269,1,5,19,15,1,South
34,5.26,25,1261,1,5,25,6,0,South
35,1.06,42,1307,1,2,19,11,0,East
36,4.67,31,2370,1,4,8,11,0,West
37,7.53,47,1834,1,4,27,1,1,West
38,6.74,17,1829,1,1,9,4,1,East
39,4.87,33,1566,0,2,4,13,1,North
40,10.95,38,1803,0,3,3,19,0,North
41,3.02,51,2040,1,2,20,6,0,South
42,2.72,26,737,1,4,13,2,1,East
43,8.76,22,1092,0,2,1,17,0,East
44,11.66,13,1332,1,1,5,5,0,North
45,4.93,40,1877,1,1,3,7,1,East
46,9.84,59,2019,1,4,24,17,1,West
47,8.18,44,1572,0,2,3,18,1,West
48,2.75,43,793,0,3,8,6,1,East
49,10.41,38,508,0,1,23,20,1,West
50,2.8,56,1602,1,1,11,1,1,West
51,7.89,30,1188,1,3,20,19,0,North
52,10.1,20,878,0,2,29,5,1,West
53,7.53,13,1803,0,2,9,8,0,West
54,7.38,21,834,1,2,30,6,0,South
55,7.55,52,388,1,2,13,9,0,North
56,7.1,20,1947,0,3,16,7,0,East
57,11.64,50,2076,0,2,14,11,1,North
58,11.69,47,1067,1,2,8,12,1,West
59,9.71,17,659,0,4,30,9,1,West
60,11.47,36,925,1,4,13,6,0,North
61,5.81,11,2174,1,5,25,9,0,South
62,8.13,47,683,0,4,3,4,1,West
63,4.59,46,217,0,3,24,2,0,East
64,4.82,60,2215,1,1,2,13,0,West
65,10.98,47,2279,1,5,10,19,0,North
66,7.85,29,1693,0,2,4,13,0,South
67,10.39,24,2202,1,1,6,13,1,South
68,10.8,53,1861,1,4,16,15,0,East
69,10.65,18,1754,0,5,24,19,0,West
70,11.33,41,423,0,5,1,17,1,West
71,8.18,47,779,1,3,15,1,1,North
72,9.13,24,2007,1,1,1,10,1,West
73,6.27,55,380,1,1,2,5,1,South
74,3.59,52,1426,0,1,20,9,1,East
75,2.82,15,2018,1,5,14,17,1,North
76,9.24,18,723,1,3,26,16,1,North
77,10.03,35,875,1,3,22,14,0,North
78,5.75,20,1912,0,3,22,7,1,East
79,5.19,26,1265,1,5,15,9,0,East
80,1.42,19,1881,1,1,20,9,1,North
81,10.24,26,912,1,1,30,13,0,North
82,9.67,47,1305,0,5,1,4,0,East
83,6.77,57,1866,1,1,17,11,0,North
84,8.86,46,731,1,5,8,9,1,West
85,3.72,22,1004,1,4,29,15,0,West
86,11.55,55,2166,1,1,3,7,0,East
87,5.83,44,617,1,4,21,3,1,North
88,7.82,10,249,1,4,22,1,1,North
89,7.45,39,612,0,3,29,2,1,North
90,7.98,28,2344,1,3,25,11,1,South
91,9.73,41,1941,0,3,17,18,1,East
92,9.44,57,771,0,5,29,14,1,West
93,10.56,36,1072,1,1,3,4,1,East
94,6.42,16,2091,0,5,6,14,0,North
95,5.86,46,1074,0,4,7,14,1,South
96,1.82,54,729,0,2,7,5,0,West
97,4.64,46,945,1,2,11,11,0,West
98,3.37,58,362,1,4,12,4,1,East
99,5.91,50,635,1,1,29,1,1,West
100,10.35,16,2045,1,5,11,13,1,North
101,9.14,25,1448,1,4,20,9,0,East
102,3.78,52,1451,0,2,25,19,1,West
103,4.26,17,2293,1,4,14,18,0,East
104,11.31,53,409,0,3,15,7,1,West
105,4.59,51,2085,0,5,22,15,0,West
106,1.74,24,536,1,3,24,1,1,East
107,3.53,50,1831,1,1,14,17,0,South
108,4.64,10,464,1,5,21,7,0,West
109,3.6,49,1459,1,1,13,11,0,North
110,10.31,27,1421,0,3,25,19,1,South
111,3.03,47,845,1,3,24,11,0,South
112,10.68,44,548,1,2,8,16,0,East
113,2.91,52,1993,0,1,29,12,1,East
114,8.24,44,870,1,5,18,7,0,North
115,3.88,52,2420,0,1,22,7,1,East
116,4.17,37,901,1,5,27,8,0,West
117,6.02,15,470,0,5,17,19,1,West
118,2.63,43,478,0,4,0,16,1,East
119,8.39,37,650,0,3,15,6,0,East
120,8.15,31,766,0,4,23,19,1,East
121,11.78,19,1529,1,5,9,12,0,West
122,9.12,14,1022,1,4,6,3,0,West
123,10.2,53,1488,0,5,15,6,1,North
124,4.9,53,2396,0,2,9,5,1,East
125,3.86,50,2058,0,4,17,7,0,South
126,4.12,37,1807,1,5,16,16,1,South
127,5.53,42,2363,0,4,20,12,0,South
128,11.24,35,733,0,3,25,1,0,West
129,11.1,34,241,0,4,2,10,0,North
130,8.83,32,1784,0,3,3,12,0,East
131,6.6,40,2184,0,2,6,3,1,South
132,8.46,30,1380,1,3,0,20,0,South
133,11.89,11,1569,0,1,19,16,0,South
134,9.32,43,548,0,4,28,13,1,East
135,11.1,57,2253,1,3,8,7,0,East
136,8.75,58,2467,1,4,28,9,1,North
137,4.25,19,2175,1,1,4,19,0,West
138,3.17,23,2026,1,2,22,11,1,East
139,7.54,45,230,1,1,4,15,1,West
140,7.62,19,664,1,2,14,7,0,South
141,3.96,24,552,0,4,1,5,1,East
142,10.33,18,2084,1,1,11,13,0,South
143,7.68,50,2267,0,3,7,2,1,West
144,7.51,14,1207,1,2,24,6,0,South
145,1.68,30,1790,1,4,25,1,1,North
146,5.82,32,278,0,4,10,14,0,North
147,9.24,50,573,0,5,9,4,1,North
148,5.14,45,1490,0,4,3,15,1,West
149,9.11,57,1726,0,4,1,20,0,North
150,7.12,21,273,1,1,13,12,1,East
151,11.99,14,351,1,3,10,10,0,East
152,1.63,48,554,1,5,7,8,1,North
153,10.35,25,1783,1,1,7,19,1,West
154,7.28,30,1453,0,3,15,11,0,West
155,10.68,46,1938,0,3,17,17,1,East
156,6.46,14,1885,1,4,16,14,1,North
157,4.24,34,477,1,4,21,15,0,East
158,11.2,21,1280,1,4,24,15,1,North
159,2.92,43,223,0,3,4,15,1,East
160,9.71,35,1588,1,5,16,2,1,West
161,1.81,10,442,0,1,10,14,0,South
162,5.89,40,886,1,3,3,9,0,North
163,4.22,36,824,0,3,15,4,1,East
164,4.36,60,1732,0,1,29,16,0,North
165,10.17,17,2016,0,2,9,18,0,West
166,5.55,45,1167,0,1,28,6,1,South
167,9.78,28,1654,1,4,16,14,1,South
168,7.18,49,2027,1,3,6,19,1,North
169,11.89,20,462,0,1,25,16,0,East
170,5.85,16,875,0,3,19,6,0,North
171,5.6,43,2064,0,3,3,19,1,West
172,1.43,39,316,0,1,19,12,0,North
173,8.89,50,263,0,5,27,19,1,West
174,11.76,13,950,0,2,0,7,0,North
175,9.65,27,339,1,5,6,18,0,South
176,1.14,26,569,1,5,6,9,1,East
177,11.75,42,1876,0,4,24,18,1,South
178,10.9,38,2418,1,3,3,7,0,North
179,3.82,30,238,0,1,4,10,1,East
180,7.62,14,522,1,3,23,4,0,North
181,6.48,24,2456,1,2,9,17,1,West
182,8.39,22,2015,0,5,16,13,1,East
183,3.59,28,1415,0,3,22,17,0,North
184,11.36,57,243,1,1,15,6,0,West
185,7.39,39,384,0,2,29,4,0,South
186,10.69,30,2490,1,2,16,7,0,West
187,9.61,44,1745,1,5,12,20,0,East
188,8.41,30,1859,1,5,23,15,0,North
189,1.54,22,1689,1,4,17,7,0,South
190,4.85,34,526,0,3,22,18,0,West
191,11.67,16,2239,0,4,27,3,1,North
192,6.51,19,1720,0,1,14,5,1,South
193,11.62,40,1951,1,2,26,4,1,North
194,3.23,10,2389,1,4,24,13,0,South
195,3.5,11,2438,1,1,17,12,1,South
196,5.39,26,1701,1,1,29,20,0,East
197,9.87,18,332,1,3,23,8,1,North
198,11.26,59,496,1,3,16,3,1,East
199,6.98,56,1639,1,3,7,2,1,North
200,4.09,18,731,0,4,11,18,0,North
201,3.72,20,1364,0,5,5,7,0,East
202,2.23,48,733,1,4,7,18,1,East
203,7.59,43,1973,1,4,14,18,0,East
204,2.4,43,1342,1,2,17,17,1,North
205,4.73,10,1846,0,1,2,17,0,South
206,5.59,40,2103,1,4,17,6,0,North
207,2.23,46,1863,0,1,22,20,0,South
208,4.53,31,2284,0,3,21,16,1,North
209,10.26,25,368,1,5,25,12,1,South
210,8.25,17,1732,0,2,27,16,1,East
211,4.95,38,525,1,5,18,4,1,East
212,10.1,38,1198,1,1,4,5,0,South
213,5.92,27,2088,0,2,22,18,1,North
214,9.9,47,1628,1,5,26,6,0,West
215,8.83,22,1549,1,4,8,12,1,South
216,2.26,23,1129,0,1,21,18,0,West
217,1.97,18,1212,0,1,27,16,1,South
218,7.66,50,1159,0,3,23,15,1,West
219,6.71,42,1919,1,2,5,6,1,West
220,11.23,51,1583,1,3,28,20,0,West
221,5.39,56,842,0,5,14,10,0,West
222,5.78,52,1410,0,5,25,10,0,South
223,8.66,29,2362,1,1,1,3,0,East
224,4.22,12,1251,0,2,7,7,1,South
225,11.28,26,1828,0,1,26,3,1,North
226,11.39,27,621,0,3,27,13,0,South
227,5.85,14,945,1,3,4,12,0,South
228,5.58,20,346,1,3,29,1,0,East
229,2.68,49,1613,1,5,20,6,1,East
230,5.27,11,1883,0,4,5,17,1,South
231,10.32,29,1495,1,3,5,13,1,West
232,10.61,17,1794,0,3,18,8,1,North
233,9.67,27,2057,0,2,24,17,1,North
234,4.93,51,1235,0,5,13,2,0,East
235,2.76,59,1371,0,3,8,3,0,North
236,6.74,46,272,1,1,21,3,1,South
237,5.64,31,975,0,2,17,10,1,South
238,8.89,35,1023,0,5,26,14,1,East
239,6.71,60,1131,1,4,22,12,0,South
240,4.15,35,1207,1,3,11,10,1,South
241,3.67,13,804,0,5,12,8,1,East
242,2.78,51,928,0,5,5,2,1,East
243,10.83,25,709,1,2,0,12,0,East
244,11.42,42,999,1,5,27,11,1,East
245,8.21,21,439,1,1,14,3,1,West
246,9.02,16,729,0,3,15,1,1,East
247,7.82,52,380,1,5,2,9,0,South
248,6.78,49,2262,0,1,4,7,1,West
249,11.21,57,777,1,4,28,1,1,South
250,7.77,31,210,1,2,27,12,1,West
251,9.09,42,1990,0,3,7,20,0,South
252,10.23,36,1878,1,1,23,6,0,East
253,5.15,38,221,0,5,15,4,1,North
254,9.2,31,232,0,5,16,17,0,North
255,11.25,38,1058,1,1,6,17,1,West
256,10.63,42,1270,0,5,15,1,1,North
257,8.16,29,2129,0,1,26,8,1,North
258,9.04,36,1048,0,4,14,6,1,East
259,4.41,59,1909,1,1,12,9,0,South
260,4.87,11,555,0,3,11,15,1,West
261,1.03,37,1539,1,3,14,3,0,North
262,3.43,36,1899,0,3,16,15,1,North
263,11.92,15,2033,1,1,28,18,1,East
264,8.95,18,2217,1,4,30,20,1,East
265,9.76,29,970,0,1,3,11,0,North
266,3.15,59,776,0,1,8,19,1,West
267,9.52,48,2499,0,5,3,8,0,North
268,1.18,21,1077,0,1,8,16,1,South
269,10.7,47,2438,1,5,27,17,1,North
270,11.8,53,1531,1,4,30,3,0,North
271,5.98,58,990,1,4,26,3,0,East
272,10.67,13,905,0,2,24,6,1,North
273,11.59,20,2170,0,2,9,10,1,South
274,2.86,23,556,1,3,15,1,0,East
275,5.12,59,1701,0,2,25,19,0,North
276,3.07,19,1334,1,4,4,19,0,South
277,9.02,35,1023,0,4,7,11,0,West
278,8.12,56,782,0,2,20,20,1,South
279,6.06,39,2423,1,5,14,19,0,South
280,1.87,22,1486,1,3,2,2,1,West
281,8.83,12,2412,1,2,7,13,0,West
282,11.9,23,1509,1,4,2,6,0,West
283,4.8,22,1715,0,1,10,11,1,South
284,11.77,16,1055,0,2,10,1,0,North
285,10.53,41,506,0,4,23,10,1,East
286,4.67,17,2089,0,3,10,4,1,East
287,2.5,53,618,1,3,26,20,1,West
288,8.77,23,2264,0,3,19,6,1,East
289,8.5,12,564,0,1,3,10,0,West
290,8.54,50,2365,1,1,17,2,1,North
291,10.07,12,1581,1,3,28,15,0,North
292,2.53,22,1749,0,5,13,9,1,East
293,3.48,11,1854,0,4,19,3,1,West
294,10.76,38,2199,0,5,18,19,0,West
295,6.33,59,873,0,2,23,9,1,East
296,8.44,12,2343,1,4,17,6,1,West
297,7.63,47,1439,1,5,17,2,1,West
298,8.06,45,1459,1,3,3,13,0,West
299,2.05,41,361,0,2,27,1,0,North
300,10.59,53,1031,0,3,29,8,1,West
301,10.87,16,1131,1,2,2,18,1,East
302,10.13,56,1039,1,3,17,16,1,North
303,8.44,43,840,0,1,30,20,0,East
304,3.92,18,1766,0,3,8,5,0,South
305,8.8,53,592,1,1,19,6,1,South
306,8.89,52,225,0,3,9,20,1,South
307,5.36,12,435,1,4,14,2,1,East
308,4.89,14,1697,0,5,12,15,1,South
309,3.77,60,303,0,3,9,11,0,North
310,4.8,14,879,1,2,14,9,1,North
311,7.98,35,2083,0,5,16,20,0,East
312,2.5,43,1070,0,4,8,19,1,West
313,1.89,10,1339,0,2,3,13,0,East
314,11.95,42,574,0,4,6,2,1,South
315,5.8,34,2395,1,3,10,10,0,West
316,11.6,18,1155,0,1,17,17,1,East
317,9.62,31,2363,1,4,5,9,0,North
318,8.61,13,204,0,3,7,4,1,North
319,9.43,29,231,0,2,17,7,1,West
320,7.4,37,1955,0,3,12,15,0,West
321,3.2,47,673,0,4,19,13,1,East
322,3.04,54,514,0,4,19,4,1,West
323,6.17,42,1998,0,2,30,7,0,South
324,4.66,27,2090,1,3,25,9,1,North
325,4.31,59,2404,1,1,6,19,1,South
326,1.28,20,1629,1,5,1,1,0,North
327,3.68,23,1511,0,5,7,5,1,East
328,8.91,53,2134,1,4,24,5,0,South
329,1.63,43,1841,0,4,9,8,1,North
330,8.71,14,1807,0,2,6,14,1,West
331,8.13,40,2041,0,3,19,20,1,South
332,9.54,32,2465,0,2,25,13,1,North
333,2.53,30,1131,1,3,24,3,1,North
334,5.01,17,2365,1,1,0,2,0,East
335,3.39,35,2263,1,2,14,1,0,West
336,2.89,43,1240,1,5,15,1,1,North
337,10.42,28,1202,1,1,2,3,0,North
338,6.86,28,1608,1,3,19,10,1,North
339,7.12,43,939,0,4,5,19,1,West
340,9.42,44,464,1,3,20,18,1,South
341,4.14,57,1611,1,3,1,7,0,East
342,4.7,26,966,0,5,17,13,0,West
343,4.08,22,2048,0,5,3,1,1,West
344,1.11,26,229,1,4,30,5,0,North
345,8.91,56,350,0,4,28,7,1,East
346,1.44,18,1235,1,5,22,14,1,West
347,8.67,25,564,1,4,8,12,1,East
348,7.72,17,1466,0,3,23,10,1,North
349,2.57,45,1299,1,4,27,17,0,West
350,9.44,55,981,1,4,1,10,1,East
351,10.41,59,1540,1,4,27,9,0,South
352,3.95,36,1934,0,3,29,5,1,South
353,3.26,34,2213,0,3,27,9,0,South
354,7.24,32,231,1,4,23,2,0,North
355,2.93,47,311,1,3,11,8,0,North
356,7.37,36,267,1,4,17,3,0,South
357,9.15,13,393,0,3,4,4,0,South
358,1.47,60,1917,1,3,20,1,0,West
359,11.63,21,1604,1,1,5,2,1,East
360,2.35,42,2061,1,2,20,2,1,North
361,6.83,12,1459,0,3,14,18,1,East
362,10.95,42,2100,0,4,5,7,0,East
363,7.53,26,230,0,5,17,18,1,South
364,11.99,47,1425,0,3,10,17,1,North
365,5.5,47,942,0,5,11,8,0,East
366,3.08,11,996,1,4,29,16,1,West
367,11.34,30,1547,0,2,14,17,1,East
368,11.84,50,2008,1,2,16,18,1,East
369,7.06,53,321,0,2,7,1,1,South
370,5.03,40,1525,0,4,17,15,1,West
371,3.92,25,1318,0,3,21,11,0,West
372,3.32,15,317,1,4,2,19,1,West
373,4.09,11,2200,1,3,30,18,1,East
374,7.87,23,2455,0,2,25,4,0,East
375,8.04,48,1815,0,4,7,15,1,North
376,1.76,14,788,1,2,7,8,1,South
377,10.33,36,2384,0,5,20,9,1,North
378,8.64,19,2086,0,5,22,17,0,North
379,11.95,32,1849,0,3,30,14,0,North
380,2.73,44,1970,0,1,5,20,0,East
381,5.07,20,2474,0,3,27,11,1,West
382,3.22,14,926,1,1,3,12,0,North
383,8.46,36,2109,0,2,21,6,0,East
384,2.05,47,1908,1,3,18,13,0,North
385,2.54,53,1323,1,4,4,16,1,East
386,6.95,23,2483,1,2,18,16,1,West
387,7.06,38,998,1,2,28,18,1,North
388,1.13,49,1673,1,4,18,15,1,North
389,9.9,51,475,1,1,21,1,0,North
390,9.93,15,1021,1,2,5,2,0,East
391,5.54,55,545,1,3,25,8,0,East
392,3.65,52,2030,1,5,10,5,1,East
393,5.43,36,1230,1,1,14,7,1,West
394,1.83,37,937,0,4,14,1,1,West
395,2.13,57,662,1,3,22,20,0,East
396,7.67,15,2088,0,1,6,20,1,North
397,3.05,35,2097,0,4,6,9,1,South
398,9.75,16,2347,1,2,17,10,1,North
399,3.35,20,1818,1,2,11,16,1,East
400,1.01,58,1271,0,5,7,18,1,East
401,9.47,24,542,1,3,16,3,0,East
402,7.58,26,1342,0,5,22,5,1,East
403,11.7,59,1726,0,3,1,11,1,West
404,11.56,42,2343,0,2,21,9,0,West
405,7.52,21,1622,1,1,18,6,0,South
406,11.02,12,1776,1,2,17,1,0,South
407,11.75,14,404,1,4,3,20,0,North
408,7.96,16,1635,1,2,13,16,0,South
409,2.98,26,2496,0,5,10,4,1,North
410,4.07,40,882,1,5,14,14,0,West
411,8.18,11,1100,1,2,27,16,0,East
412,7.04,55,730,1,1,11,10,0,East
413,4.37,24,1887,0,3,27,15,0,East
414,1.58,30,558,0,1,17,20,1,East
415,6.52,53,911,0,1,12,14,1,East
416,9.19,17,878,1,1,16,5,1,South
417,2.2,42,517,1,4,26,1,1,East
418,8.6,31,440,0,5,8,15,1,North
419,7.78,44,392,1,5,10,19,1,South
420,5.62,30,460,1,1,27,6,1,West
421,11.12,27,2171,0,3,9,16,1,South
422,11.57,28,657,0,5,27,17,1,North
423,4.33,49,1150,0,2,27,12,0,East
424,3.62,33,606,0,2,7,8,0,South
425,6.66,59,747,0,3,24,10,0,East
426,7.58,58,1871,1,1,26,3,0,South
427,11.16,60,1991,1,2,15,7,0,South
428,8.88,21,1690,0,5,27,5,0,West
429,10.76,31,430,0,1,20,2,0,West
430,6.46,32,1215,1,4,12,7,1,South
431,8.97,52,918,0,5,14,14,0,North
432,4.76,32,2367,0,5,18,1,0,West
433,4.72,43,348,1,1,21,4,1,North
434,1.63,39,2268,0,4,19,7,0,North
435,10.35,41,2461,1,3,21,5,0,South
436,5.16,43,1646,1,2,22,5,0,South
437,11.69,21,462,1,5,24,3,1,South
438,11.52,25,839,0,2,4,4,0,West
439,11.35,25,1389,0,5,12,15,1,North
440,11.6,25,1640,0,4,4,7,1,South
441,6.6,20,1389,1,5,23,18,1,North
442,8.27,54,1009,0,5,17,5,0,West
443,11.89,37,1559,0,5,19,6,1,West
444,10.82,58,1766,1,1,12,8,1,South
445,8.49,19,2107,1,1,2,15,0,North
446,1.3,51,241,1,3,4,17,1,North
447,6.71,27,990,1,2,7,14,0,West
448,2.82,59,1371,0,2,28,6,0,South
449,6.86,36,2211,1,1,3,11,0,South
450,5.53,48,1601,0,4,3,16,1,South
451,11.91,24,1334,0,2,3,20,1,East
452,8.63,50,900,0,1,16,14,0,East
453,4.37,27,2137,0,5,5,1,1,West
454,8.54,17,498,0,3,1,4,0,South
455,10.99,49,1267,0,4,23,10,1,North
456,5.14,56,472,1,1,29,2,1,East
457,6.54,30,1585,0,1,11,16,0,South
458,11.4,57,2165,0,4,18,20,0,North
459,3.83,41,1165,0,1,1,9,1,West
460,1.11,41,1161,0,5,20,16,0,West
461,3.65,16,395,1,5,20,14,0,West
462,5.52,35,1164,0,4,12,13,1,South
463,1.27,37,1366,1,5,29,4,0,South
464,8.05,48,1856,1,5,6,4,0,West
465,6.95,56,699,0,1,15,3,1,North
466,5.88,18,1793,0,4,21,4,1,West
467,4.61,49,1211,1,2,12,4,0,East
468,1.83,57,462,1,4,20,3,1,South
469,6.38,12,2361,1,4,21,5,0,North
470,11.88,17,853,0,1,22,20,0,East
471,1.13,36,1057,1,2,9,14,0,South
472,10.21,19,1699,0,3,25,7,1,West
473,1.57,19,2045,1,5,25,20,0,South
474,2.8,45,340,1,2,9,5,0,East
475,11.62,25,2107,0,4,7,5,0,East
476,11.97,47,2323,1,4,17,7,1,North
477,11.58,59,1734,1,4,16,2,0,East
478,2.61,39,987,1,2,3,14,1,East
479,4.1,57,359,0,2,21,4,1,North
480,8.02,52,1054,0,2,7,14,1,South
481,11.8,54,957,0,1,3,6,1,South
482,2.89,25,870,1,2,29,7,0,South
483,1.03,60,1505,1,4,24,11,0,West
484,7.2,10,1968,1,1,12,1,1,South
485,8.35,10,2286,1,1,7,4,0,East
486,7.18,16,1134,1,3,18,14,1,North
487,11.59,56,1838,1,1,12,1,0,East
488,7.17,25,1265,1,4,23,11,0,East
489,6.21,54,877,1,2,3,17,1,South
490,1.13,28,656,0,4,29,8,1,West
491,7.76,11,1566,1,4,11,9,0,North
492,9.04,38,1206,1,1,25,17,1,West
493,8.5,36,1630,1,2,3,8,1,North
494,2.16,20,1691,1,2,13,9,0,West
495,9.2,20,1034,1,1,8,3,1,East
496,5.88,36,1100,0,3,6,19,0,South
497,2.85,55,1583,1,1,14,3,1,East
498,2.26,49,1708,0,1,27,20,1,East
499,2.64,24,1551,1,4,8,9,1,East
500,2.64,34,1422,0,3,9,19,1,North
501,8.76,58,1018,0,4,13,18,0,South
502,8.07,57,754,1,3,9,3,0,South
503,3.59,23,302,0,4,11,9,1,South
504,1.23,19,1156,0,2,16,13,1,West
505,10.98,51,757,0,3,20,11,1,West
506,5.67,15,1482,1,5,20,14,1,West
507,5.49,19,1072,1,3,29,7,1,West
508,8.05,34,1357,0,1,0,1,1,North
509,4.03,53,1636,0,3,9,7,1,South
510,5.18,23,1761,1,5,23,6,0,North
511,3.53,55,2261,1,4,7,14,1,West
512,6.72,53,1277,0,4,21,19,1,South
513,1.48,42,207,1,1,28,8,1,East
514,7.77,37,2243,0,1,19,7,1,West
515,11.56,45,1484,0,4,29,6,0,East
516,7.64,53,209,1,3,5,18,1,West
517,4.3,57,337,1,4,25,3,0,North
518,9.12,54,384,1,3,3,14,0,West
519,11.82,59,2455,0,2,3,5,0,East
520,8.98,52,237,1,1,3,9,1,West
521,11.32,32,231,1,4,24,7,1,South
522,5.61,33,1764,0,5,4,10,1,North
523,9.42,55,807,0,3,20,8,0,South
524,2.75,36,1794,0,1,15,8,1,North
525,1.88,36,1601,0,5,11,9,1,West
526,4.14,19,1640,1,3,18,15,1,East
527,2.06,10,246,1,5,28,12,0,North
528,5.16,59,1865,0,4,6,16,1,North
529,2.7,20,1593,0,5,1,18,0,West
530,2.09,26,1794,1,2,3,16,0,North
531,10.07,55,1499,1,5,25,11,1,North
532,9.65,52,1355,1,5,21,4,1,South
533,3.58,18,1761,0,3,14,15,0,South
534,11.03,13,1892,0,2,6,10,1,East
535,5.82,14,2220,1,2,28,17,0,North
536,9.05,23,2267,0,4,8,17,0,East
537,7.97,36,1164,0,5,6,4,0,South
538,8.07,26,1361,1,1,2,20,1,East
539,10.39,38,1877,1,1,5,16,1,East
540,4.77,37,1016,1,3,2,4,0,South
541,11.12,29,2113,1,3,23,16,1,West
542,10.87,56,1550,0,3,0,11,1,South
543,10.35,15,685,0,5,24,13,1,South
544,9.37,49,477,1,2,12,5,0,South
545,6.66,21,1711,1,5,21,12,1,West
546,9.2,43,1802,0,2,27,2,1,West
547,9.76,11,513,0,4,24,7,1,North
548,1.9,56,418,1,2,23,19,0,North
549,3.13,43,2444,0,4,28,6,0,South
550,2.85,48,719,1,1,21,14,0,East
551,7.49,27,540,1,5,18,1,1,North
552,7.05,25,723,0,1,23,2,1,West
553,2.99,34,976,0,3,6,7,0,East
554,4.47,60,897,0,4,14,17,0,South
555,10.66,26,384,1,5,3,18,1,North
556,7.34,41,1011,0,5,25,4,0,West
557,4.31,54,1800,1,2,0,11,1,East
558,1.21,42,1122,0,3,6,13,0,West
559,7.95,42,1948,0,2,9,1,1,West
560,7.31,13,621,1,1,9,3,0,East
561,1.08,41,1942,1,2,7,17,0,South
562,6.38,38,1783,1,2,17,16,0,North
563,9.22,43,1977,0,1,23,1,0,South
564,7.5,23,1988,0,3,27,5,1,North
565,2.81,37,2031,1,3,11,15,1,East
566,1.76,13,1473,1,3,2,12,1,West
567,5.34,27,1150,1,5,12,12,1,East
568,2.06,38,1460,0,3,3,18,1,East
569,11.74,19,1778,1,2,0,16,0,West
570,11.1,27,558,0,1,21,11,1,North
571,8.16,37,1766,0,5,0,20,0,West
572,9.25,33,201,0,4,1,7,1,East
573,5.12,21,1478,1,5,24,12,1,South
574,9.42,19,1968,0,2,3,6,0,East
575,10.66,59,591,0,5,28,16,0,East
576,3.24,42,973,1,2,12,19,1,East
577,11.16,35,1098,1,1,2,5,0,North
578,7.99,39,1964,1,4,8,6,1,South
579,4.67,29,1593,0,3,6,17,0,East
580,9.55,57,1274,0,3,26,7,1,North
581,2.22,42,2477,1,5,16,2,0,East
582,3.47,18,701,0,2,16,14,0,North
583,9.81,41,1091,0,3,17,2,1,West
584,8.92,17,939,1,3,26,7,1,East
585,10.55,40,636,1,5,7,3,0,West
586,9.29,57,2008,1,4,20,15,1,South
587,10.06,23,811,1,4,28,20,0,West
588,1.06,58,561,0,5,4,10,0,West
589,7.65,28,1478,0,1,20,1,1,West
590,9.78,40,709,0,3,24,14,0,North
591,2.19,58,1756,1,5,30,18,1,North
592,4.22,34,1602,1,3,25,3,0,North
593,6.41,39,1286,0,2,29,5,1,North
594,2.65,43,860,1,5,25,13,1,South
595,3.27,22,2155,0,2,30,20,0,North
596,6.12,19,961,1,3,9,4,1,West
597,2.15,54,1284,0,4,25,4,1,North
598,1.3,17,835,0,2,11,10,0,South
599,5.93,21,1798,1,5,26,14,0,North
600,6.14,19,2432,0,4,3,9,1,North
601,9.47,23,2397,1,5,21,1,0,North
602,11.04,22,1205,1,1,2,11,0,North
603,3.38,53,886,0,2,14,7,1,West
604,6.77,17,328,0,5,11,15,0,North
605,8.27,47,2230,0,3,1,3,1,East
606,11.51,44,1373,1,2,11,17,0,North
607,2.61,30,1736,1,4,19,7,1,South
608,1.53,12,443,1,1,8,3,1,South
609,1.38,27,2299,0,4,25,20,0,South
610,9.4,39,1610,0,1,29,2,0,South
611,8.21,33,501,0,1,14,6,0,South
612,10.03,33,1968,1,5,21,20,1,South
613,1.09,52,1613,0,5,21,8,1,North
614,5.96,44,2364,0,2,11,14,1,East
615,7.68,26,725,0,4,26,2,0,North
616,2.32,50,1514,0,3,0,5,0,East
617,1.98,36,1296,0,4,17,6,0,East
618,10.3,22,678,0,2,6,8,1,South
619,9.33,44,1558,0,2,20,2,0,North
620,1.32,44,1959,1,2,19,8,0,South
621,4.18,25,2204,1,1,30,18,0,East
622,1.9,51,2366,1,3,15,16,0,North
623,11.33,23,1856,0,1,27,2,1,South
624,11.76,53,1634,0,4,27,18,0,North
625,2.67,35,650,0,1,10,17,1,East
626,10.85,26,413,1,1,2,5,0,North
627,4.16,13,1817,0,2,21,11,0,North
628,9.39,20,473,1,5,11,13,0,South
629,7.82,44,1300,0,5,13,19,1,West
630,8.29,19,301,0,4,30,4,0,West
631,4.05,22,1446,1,3,16,3,0,West
632,1.6,49,889,0,3,4,13,1,East
633,11.06,49,2291,0,5,29,19,1,North
634,8.99,23,1759,0,1,24,8,0,East
635,5.72,51,2132,1,5,1,16,1,East
636,3.85,54,1265,1,1,17,20,1,South
637,2.01,29,1000,0,2,20,15,1,North
638,3.6,33,1197,1,3,29,16,0,East
639,4.1,44,1850,0,3,15,16,1,West
640,8.89,42,345,1,5,26,19,1,South
641,8.74,27,520,0,1,16,18,0,North
642,3.12,34,793,1,3,2,15,0,West
643,6.65,38,2162,0,2,10,11,0,North
644,8.78,20,466,0,1,16,14,0,East
645,7.13,26,1371,0,5,16,5,1,North
646,1.48,28,1140,0,1,27,12,0,North
647,2.33,55,2069,0,5,20,3,1,South
648,6.68,35,2358,1,2,1,12,1,East
649,11.77,30,2089,1,2,5,12,0,North
650,6.4,57,1943,1,3,23,18,1,West
651,7.23,26,1505,1,3,17,8,0,South
652,10.22,26,351,1,2,8,6,0,South
653,9.72,53,1553,1,5,11,9,0,West
654,7.0,54,2326,0,4,24,16,0,North
655,6.7,30,1373,1,3,6,7,1,South
656,8.72,60,944,0,3,3,5,0,East
657,8.75,18,1533,1,2,10,8,1,North
658,2.66,35,2273,0,3,0,17,1,East
659,3.3,19,288,1,4,29,3,1,South
660,11.91,58,504,0,3,19,16,0,South
661,1.49,24,223,0,1,27,9,0,East
662,2.7,25,2068,0,1,22,9,0,East
663,5.52,25,1639,1,3,19,20,1,South
664,3.67,15,378,1,2,27,10,0,West
665,4.95,19,1179,1,5,3,18,0,South
666,1.28,17,2059,0,3,26,5,1,North
667,11.07,51,1132,0,3,7,6,1,North
668,9.92,56,1895,0,4,29,7,0,North
669,8.42,12,232,0,4,23,1,0,West
670,4.85,44,621,0,5,4,5,1,West
671,1.57,20,1695,1,3,9,9,0,West
672,11.58,17,1604,0,2,24,2,0,North
673,4.45,55,2062,1,3,14,9,0,West
674,3.43,18,637,0,1,17,2,1,North
675,4.14,49,424,0,4,13,6,1,East
676,3.48,27,447,1,4,29,19,1,South
677,3.11,38,1379,1,2,21,3,0,North
678,10.95,57,1018,1,2,25,1,0,North
679,5.22,12,693,1,3,21,9,1,North
680,10.0,19,823,1,1,11,14,0,North
681,7.69,26,405,0,4,16,5,1,West
682,9.35,33,327,1,1,30,19,0,East
683,6.3,26,1157,1,5,6,10,0,North
684,7.46,60,2319,0,2,2,11,1,East
685,2.81,15,754,1,4,14,9,0,West
686,2.54,15,2068,1,1,9,1,1,West
687,7.12,38,795,1,4,11,18,0,South
688,6.01,14,647,1,1,6,2,0,East
689,2.14,58,389,0,1,18,10,0,West
690,5.45,49,1599,0,1,8,10,0,North
691,6.92,21,844,0,3,26,7,0,East
692,1.56,14,766,0,5,26,7,0,North
693,9.61,54,776,0,4,12,5,0,East
694,2.39,36,1235,0,4,5,16,1,South
695,8.07,41,1705,1,5,9,16,1,West
696,5.9,54,696,0,1,20,9,0,East
697,11.91,13,2066,1,3,10,1,0,East
698,3.21,30,644,0,3,2,2,0,South
699,3.54,30,682,1,4,22,6,0,East
700,11.4,11,998,1,5,17,5,1,West
701,2.58,20,933,1,4,2,1,1,South
702,1.19,21,1830,1,5,20,16,0,East
703,11.26,20,420,1,1,15,12,0,North
704,5.72,51,528,0,1,24,11,0,North
705,10.38,31,1513,1,4,29,12,1,East
706,1.68,14,1588,1,5,19,12,1,North
707,4.4,45,994,1,2,9,17,0,West
708,8.46,53,2375,0,1,14,2,0,West
709,6.15,38,1987,0,5,16,7,1,West
710,10.18,35,745,1,4,0,13,1,West
711,9.68,46,611,1,5,22,4,1,South
712,10.06,22,1967,0,2,17,18,1,West
713,5.45,27,2257,1,5,30,9,0,East
714,3.31,15,2003,1,4,17,15,1,East
715,3.56,23,892,1,2,29,10,0,North
716,10.06,52,488,1,1,24,15,0,East
717,6.18,39,229,1,4,19,10,0,East
718,5.76,60,2292,1,3,11,19,0,East
719,10.16,54,1223,0,1,5,3,0,South
720,2.77,27,1451,0,1,5,6,1,East
721,7.84,50,993,0,5,4,7,1,East
722,1.56,51,815,0,4,21,19,1,East
723,1.24,19,2186,0,5,22,9,0,South
724,11.11,22,2324,0,1,3,12,1,West
725,2.63,44,415,1,4,14,7,0,West
726,10.23,26,1866,0,2,19,16,0,East
727,2.1,19,600,0,2,16,5,0,North
728,5.44,17,2378,0,1,8,7,0,East
729,10.59,34,625,0,2,30,1,0,South
730,6.05,15,1832,0,3,30,18,1,South
731,7.12,32,654,1,3,5,14,0,North
732,9.17,10,367,1,3,14,8,0,South
733,10.46,15,2170,1,1,26,11,0,North
734,3.42,26,334,0,2,24,3,0,West
735,10.8,18,1732,0,2,27,18,0,North
736,2.73,47,1768,1,5,23,6,0,South
737,5.97,24,585,1,5,15,10,0,West
738,2.51,21,1593,0,3,10,17,1,North
739,3.45,28,963,1,4,8,13,0,South
740,5.08,14,1636,1,1,9,15,1,West
741,5.95,27,643,1,1,27,17,0,North
742,11.05,47,1916,1,3,2,18,0,North
743,1.7,43,851,0,1,11,9,0,West
744,1.03,60,1125,1,2,17,5,1,South
745,3.19,46,1056,1,4,10,14,1,East
746,7.48,34,472,1,2,22,17,1,West
747,2.1,56,601,0,5,1,8,1,West
748,4.23,30,468,0,4,10,1,0,East
749,3.52,21,2240,1,2,9,2,0,South
750,6.29,46,705,1,3,25,15,1,South
751,6.19,53,1410,1,5,10,17,1,North
752,3.71,18,1432,1,2,8,14,1,East
753,11.38,31,302,1,5,28,18,0,West
754,5.58,16,2253,1,5,18,9,1,North
755,9.41,11,1161,1,3,24,4,0,South
756,6.2,43,519,0,4,2,7,0,West
757,7.74,31,849,0,3,20,11,1,South
758,8.02,39,771,0,5,30,4,1,West
759,5.59,52,2092,0,3,16,18,0,North
760,3.25,31,1632,1,3,27,11,1,North
761,2.83,29,1824,0,2,7,5,0,East
762,6.49,31,868,1,2,23,7,1,North
763,6.11,25,2495,0,2,25,8,1,East
764,6.86,34,1487,0,4,30,16,0,North
765,6.38,59,999,1,5,26,1,1,East
766,5.74,39,1682,1,4,3,13,1,South
767,7.76,57,1318,0,1,12,5,1,West
768,6.98,42,1039,0,4,25,13,1,North
769,10.15,10,728,0,1,11,6,1,South
770,3.48,32,1831,0,3,27,18,1,North
771,8.41,52,1468,1,5,3,3,0,North
772,3.54,43,2295,0,3,9,9,1,North
773,1.32,13,422,1,1,7,19,0,West
774,5.64,50,404,0,4,18,8,0,East
775,6.56,16,874,1,3,21,16,0,South
776,6.88,34,304,1,1,2,15,1,South
777,5.53,21,1399,1,1,14,20,0,North
778,3.64,10,1083,0,2,19,1,1,East
779,8.66,58,956,0,3,8,6,0,South
780,11.59,11,1279,1,4,2,7,0,South
781,8.16,55,865,0,4,27,13,1,West
782,2.8,56,1618,1,5,14,1,0,South
783,10.04,33,2338,0,1,15,14,1,West
784,4.12,10,968,1,4,29,8,1,South
785,1.16,38,1285,1,1,7,8,1,West
786,1.96,43,2109,1,4,0,14,0,West
787,11.79,47,312,1,5,28,7,0,North
788,1.46,19,2032,1,2,13,7,0,East
789,4.03,54,1417,0,3,3,6,0,East
790,1.18,29,1720,0,5,28,13,1,North
791,3.85,31,1154,1,1,9,7,1,West
792,2.99,14,397,0,4,1,2,1,East
793,1.48,34,2059,1,3,29,10,0,East
794,6.98,31,1964,1,4,22,14,1,West
795,3.98,44,850,1,1,21,12,1,East
796,10.97,47,2008,1,5,22,5,1,West
797,6.08,56,420,0,3,21,10,0,North
798,9.69,59,2184,0,3,29,10,1,North
799,2.59,37,1924,1,5,10,2,1,East
800,1.4,19,480,0,3,5,15,1,South
801,9.55,37,2446,0,1,30,8,1,West
802,2.56,18,1627,0,5,22,4,0,South
803,5.79,32,2386,1,5,12,10,0,North
804,5.2,45,1456,1,1,24,12,0,North
805,11.44,39,1786,0,3,22,1,0,South
806,11.88,30,697,0,3,27,20,0,West
807,1.93,29,1202,0,3,5,15,0,North
808,4.74,12,1769,1,4,30,2,0,South
809,4.14,42,635,0,2,17,14,1,North
810,1.49,22,1949,0,4,27,20,1,West
811,4.78,51,913,0,2,27,19,0,North
812,8.6,13,1592,0,1,6,7,0,East
813,3.48,33,293,0,2,6,14,1,East
814,11.09,15,1965,0,3,1,4,0,West
815,8.23,46,293,1,4,4,1,1,North
816,8.33,31,924,1,2,21,16,0,North
817,3.25,33,1440,1,2,2,4,1,West
818,2.49,34,2114,1,1,6,13,0,South
819,3.02,47,1387,1,1,24,7,0,East
820,4.26,34,828,0,2,26,4,0,South
821,5.8,25,444,0,5,24,5,1,East
822,2.26,52,1215,0,1,18,19,1,East
823,5.39,25,1279,0,3,26,10,1,East
824,8.59,22,1791,1,2,19,10,0,West
825,3.88,18,575,1,1,20,18,1,South
826,10.96,55,1243,1,5,26,7,1,North
827,2.79,16,1037,1,2,17,6,1,West
828,2.97,47,1095,0,5,14,8,1,South
829,1.72,11,370,0,1,7,3,1,South
830,2.28,33,2252,1,1,30,2,1,North
831,6.75,34,1933,1,2,17,13,1,East
832,3.49,22,1424,0,2,2,7,1,East
833,3.34,37,2422,1,2,6,3,1,West
834,6.61,21,2483,0,5,20,7,1,North
835,3.27,37,1128,0,4,26,18,1,North
836,2.47,26,1409,0,3,3,2,1,East
837,3.34,17,1509,0,5,24,15,1,West
838,10.36,38,1272,1,3,25,5,1,North
839,4.17,44,349,1,4,10,4,0,West
840,3.13,38,1755,1,1,3,11,1,East
841,1.71,19,2415,1,1,7,14,1,South
842,8.55,30,845,1,5,13,16,0,South
843,7.62,19,1954,0,1,3,8,0,East
844,1.43,33,1421,0,5,20,10,1,East
845,9.55,16,769,1,2,3,11,0,East
846,3.17,26,1154,1,1,20,18,1,North
847,10.7,33,720,0,5,15,12,1,South
848,8.22,22,231,0,4,19,2,1,West
849,5.15,33,795,1,2,19,16,0,North
850,6.38,34,256,0,3,29,8,1,North
851,9.78,14,975,1,2,22,8,1,North
852,10.11,27,2414,0,3,28,20,0,North
853,9.48,45,1955,0,2,4,13,0,North
854,2.47,53,1599,1,5,24,20,1,South
855,9.54,47,1136,1,4,6,1,1,North
856,1.93,36,1011,1,5,21,18,1,South
857,10.18,14,2283,0,2,15,20,0,South
858,4.69,34,2200,0,4,18,9,0,North
859,9.65,52,480,1,3,17,4,0,East
860,1.4,49,1864,0,5,4,16,1,North
861,1.99,47,2414,0,2,17,17,0,South
862,6.24,31,435,1,4,12,15,0,West
863,8.54,30,882,1,2,7,11,1,North
864,10.27,55,2271,0,2,25,5,0,West
865,5.83,44,2369,0,2,12,12,1,North
866,2.94,16,961,1,4,30,11,0,East
867,6.41,26,1787,1,5,25,11,1,East
868,1.98,18,1807,1,2,30,13,0,South
869,11.87,31,2464,0,3,17,1,0,East
870,3.16,20,1960,0,2,22,15,1,North
871,3.37,38,952,1,4,24,4,1,West
872,2.22,16,841,0,3,24,14,0,East
873,3.38,40,1628,1,5,4,10,1,North
874,9.25,26,1682,0,1,25,11,0,East
875,1.93,59,2107,0,3,22,11,1,North
876,4.73,42,1447,1,5,10,10,0,East
877,6.51,56,502,0,3,12,5,1,North
878,1.32,16,715,1,4,19,16,0,West
879,3.83,53,906,1,2,21,12,0,East
880,2.97,31,1450,0,5,16,3,0,South
881,7.5,47,1820,0,2,3,13,1,West
882,1.5,58,623,1,3,14,18,1,East
883,3.41,29,2199,1,4,18,3,1,South
884,9.41,52,1200,0,5,22,4,0,West
885,2.14,49,718,1,1,12,13,1,West
886,2.27,38,920,0,2,14,11,1,East
887,6.93,15,2127,0,1,22,9,0,West
888,7.17,13,1784,0,3,5,7,1,West
889,11.2,20,1905,1,5,7,14,0,North
890,2.54,59,2391,1,3,23,13,1,East
891,4.81,37,519,1,1,13,11,1,East
892,2.19,24,631,0,1,20,19,0,West
893,8.99,47,629,1,3,19,5,0,West
894,2.55,14,1877,0,1,25,20,0,West
895,6.57,17,1498,0,1,12,18,0,North
896,6.18,22,2394,0,2,4,9,1,West
897,11.36,15,892,1,2,13,19,0,East
898,8.98,47,1526,1,1,30,14,1,East
899,7.03,42,296,0,5,16,8,0,East
900,11.02,13,1544,1,2,2,14,0,North
901,6.73,27,2469,1,4,28,4,0,East
902,3.09,12,1605,1,1,14,10,1,North
903,1.6,40,2015,1,4,3,9,0,South
904,5.53,10,1766,0,2,3,10,0,East
905,4.27,12,404,0,3,1,8,0,West
906,4.54,16,1222,0,1,5,13,1,South
907,4.73,26,1088,1,4,30,3,0,West
908,9.45,11,1414,1,3,7,1,1,North
909,1.58,56,2157,1,1,21,9,0,East
910,8.31,38,621,0,2,20,3,0,West
911,8.61,21,625,1,1,7,13,1,West
912,4.2,18,1910,1,3,20,3,0,South
913,4.11,39,2019,1,3,8,20,1,South
914,3.2,44,2331,0,4,17,6,1,East
915,3.1,49,2342,1,2,18,1,0,South
916,9.6,54,1715,0,3,20,2,0,South
917,6.17,40,853,1,3,2,11,0,East
918,3.1,54,604,0,1,17,18,0,North
919,2.65,54,407,0,3,4,4,0,South
920,1.02,47,1446,1,3,9,6,0,South
921,7.95,41,2134,0,4,3,16,0,East
922,9.54,53,874,1,5,9,14,0,North
923,6.96,40,1950,0,3,6,5,0,West
924,10.42,46,2197,1,2,0,6,1,East
925,3.35,23,654,1,4,14,17,0,South
926,7.83,22,1025,1,1,30,1,0,West
927,2.28,41,983,0,5,22,14,1,East
928,1.1,47,1948,1,4,26,5,0,East
929,6.27,52,1547,1,3,23,20,1,North
930,2.44,41,2101,0,3,25,1,0,West
931,2.32,20,385,0,1,28,14,1,East
932,8.84,40,271,1,2,20,5,1,East
933,10.66,38,1889,0,1,8,7,0,North
934,1.92,20,1728,1,3,28,12,1,North
935,8.66,47,701,1,5,14,6,0,North
936,8.04,50,2335,1,3,9,14,0,South
937,11.72,60,969,1,5,21,10,0,East
938,6.85,57,854,1,4,23,2,0,West
939,7.05,39,697,1,4,2,4,1,East
940,10.42,15,393,1,4,6,14,1,North
941,2.85,56,1339,1,1,12,9,1,West
942,7.2,20,1209,0,5,3,10,0,East
943,4.69,12,1526,1,4,27,15,1,East
944,9.61,42,1542,1,3,29,17,1,North
945,7.72,30,574,0,2,23,5,0,West
946,4.99,32,1595,1,3,3,9,0,North
947,4.01,55,872,1,5,24,12,1,West
948,8.11,44,1402,0,4,20,17,1,South
949,1.09,57,1270,0,5,10,19,1,West
950,1.59,20,924,0,1,8,18,1,East
951,10.0,38,845,1,3,9,17,0,West
952,6.36,60,1953,1,5,14,7,0,North
953,10.92,10,1524,1,2,12,13,0,South
954,11.01,57,1092,1,4,6,5,0,South
955,8.86,59,1286,0,2,8,18,1,West
956,3.2,31,1558,1,3,28,16,1,West
957,3.68,56,366,0,3,24,1,1,West
958,2.3,41,1896,0,4,7,3,1,West
959,7.94,44,1424,0,2,18,8,0,East
960,9.15,26,318,0,4,4,5,0,South
961,6.83,23,1710,1,1,18,9,1,North
962,7.95,30,2404,1,2,5,20,0,North
963,1.43,40,1573,0,4,21,12,1,South
964,4.27,16,2020,1,1,2,14,1,North
965,7.65,31,981,1,2,11,4,1,North
966,7.13,34,278,0,4,17,3,0,North
967,9.94,51,1279,0,3,22,3,1,West
968,8.62,22,571,1,4,21,4,1,West
969,10.27,23,926,1,4,29,6,1,North
970,6.91,20,854,0,4,24,17,0,South
971,7.73,42,1732,0,3,29,20,0,South
972,6.73,18,1910,0,3,23,11,0,West
973,10.25,43,1925,1,3,17,7,0,South
974,5.87,45,927,0,3,7,19,1,East
975,3.38,46,1682,0,5,16,12,1,East
976,7.21,18,494,1,2,14,16,1,South
977,2.13,45,1040,1,2,8,15,1,South
978,9.33,56,2410,1,2,4,10,1,West
979,7.75,20,381,1,2,21,11,0,West
980,8.74,52,328,0,5,0,5,1,West
981,8.18,16,2445,0,2,30,6,0,East
982,4.89,53,1840,1,2,21,13,0,North
983,3.45,21,2394,1,3,12,11,1,East
984,10.47,17,755,1,1,12,3,0,East
985,9.03,41,1220,0,2,0,8,0,East
986,3.32,43,2335,1,1,12,15,1,East
987,4.94,17,235,0,2,12,11,1,North
988,11.69,27,798,1,5,13,12,1,North
989,8.32,44,1870,0,4,21,2,1,East
990,9.19,22,2280,0,1,1,16,1,North
991,1.77,24,2473,1,2,27,1,0,North
992,3.31,55,1741,0,5,8,13,0,North
993,4.63,29,992,1,4,26,4,1,West
994,6.51,12,1041,0,5,0,18,1,South
995,6.82,32,2369,1,3,0,10,0,South
996,4.26,46,1431,1,5,0,16,1,East
997,8.37,13,1163,1,2,21,7,1,North
998,9.45,23,2250,0,1,13,5,1,South
999,11.51,19,2127,1,5,21,10,0,East
1000,7.58,53,2021,0,1,28,6,1,South
1001,8.03,22,1036,0,4,23,12,1,West
1002,9.76,51,757,1,4,28,4,1,North
1003,5.52,31,343,0,5,20,9,0,South
1004,10.0,35,2114,0,2,2,16,0,East
1005,5.49,51,564,1,1,2,19,1,North
1006,8.27,11,512,1,1,27,8,1,North
1007,5.59,13,1807,1,5,25,16,0,North
1008,11.64,39,2298,1,5,11,6,1,North
1009,10.4,36,1778,1,5,0,15,1,East
1010,5.12,31,2297,0,2,27,17,0,South
1011,2.13,46,634,1,4,0,4,1,North
1012,2.97,24,1376,1,5,21,6,1,West
1013,8.55,30,1307,0,1,21,20,1,West
1014,10.69,46,2194,1,4,8,11,1,West
1015,4.02,33,336,1,1,23,12,0,North
1016,5.93,48,1658,0,3,29,6,1,West
1017,6.62,10,659,0,5,17,12,1,South
1018,3.57,14,2365,0,1,0,14,1,East
1019,3.49,57,993,0,4,3,13,0,West
1020,2.7,26,968,0,3,10,8,1,South
1021,7.95,14,1697,0,3,16,1,1,East
1022,8.85,36,2214,1,3,16,5,0,West
1023,3.84,15,1738,0,1,2,1,1,North
1024,2.78,39,675,1,2,29,14,1,South
1025,10.2,17,874,1,4,21,10,1,North
1026,11.51,59,2203,0,4,18,2,1,South
1027,9.72,16,2337,1,4,29,18,1,East
1028,1.82,20,779,0,5,24,17,1,South
1029,11.92,49,1647,1,2,8,10,1,West
1030,8.56,17,377,0,3,23,13,0,South
1031,8.44,17,2253,0,4,11,9,1,North
1032,6.42,60,1851,0,1,23,4,1,South
1033,6.12,51,1991,1,1,23,11,1,East
1034,8.55,58,1701,1,2,9,4,0,North
1035,10.05,48,615,0,4,7,10,0,West
1036,3.58,52,1095,0,2,29,19,0,West
1037,9.69,54,2159,1,4,21,15,1,South
1038,4.73,50,215,1,2,16,10,1,South
1039,6.3,20,2391,0,1,28,14,0,West
1040,8.8,45,1939,0,3,3,15,0,West
1041,10.63,14,2144,0,2,23,19,0,West
1042,4.98,58,765,0,2,30,10,0,South
1043,2.32,53,215,1,5,18,1,0,North
1044,11.91,25,1458,1,1,19,4,0,North
1045,3.04,57,2044,0,2,17,11,0,West
1046,1.12,16,1251,0,1,7,11,1,South
1047,9.23,21,1229,1,1,11,13,0,South
1048,5.49,50,316,1,1,4,15,0,East
1049,5.01,26,737,0,3,9,4,1,West
1050,5.49,42,455,0,4,11,8,0,East
1051,9.09,57,2165,1,1,12,11,1,West
1052,5.57,26,2303,1,5,6,5,0,East
1053,1.77,15,2390,1,2,29,20,0,West
1054,1.19,49,2165,0,5,2,20,1,South
1055,11.59,43,1864,1,5,5,14,1,West
1056,2.41,28,940,0,2,12,17,1,East
1057,1.23,58,424,0,5,9,7,0,South
1058,11.63,43,2364,0,2,17,2,0,West
1059,1.33,21,2277,1,4,2,14,1,North
1060,4.26,44,1131,0,1,16,6,0,South
1061,4.11,15,712,0,1,7,17,1,South
1062,4.12,33,2497,1,5,19,15,0,South
1063,6.93,54,2486,0,1,14,11,1,West
1064,5.22,13,1889,1,1,9,6,0,East
1065,8.05,51,2298,0,4,20,13,1,East
1066,2.95,25,859,0,4,30,20,0,West
1067,6.11,14,1734,0,1,2,5,1,North
1068,7.12,58,1425,0,1,9,6,1,North
1069,1.77,13,249,0,1,24,9,1,South
1070,5.18,59,1252,0,1,28,9,1,West
1071,6.83,35,267,1,1,9,5,0,South
1072,5.01,39,1339,1,5,29,10,0,North
1073,6.62,48,509,1,4,2,3,0,North
1074,11.5,55,1197,0,2,25,19,0,West
1075,4.69,48,2452,0,3,0,14,1,East
1076,11.31,46,1580,1,1,12,5,1,West
1077,10.93,23,1247,1,4,2,11,0,West
1078,7.33,53,1960,1,5,2,14,0,West
1079,6.34,31,1660,1,4,17,16,0,North
1080,1.69,48,2100,1,2,13,16,0,North
1081,5.76,56,1013,1,4,7,7,0,West
1082,10.23,56,975,1,4,14,6,1,East
1083,4.6,56,2036,0,4,27,3,1,North
1084,5.3,18,1030,0,1,25,8,1,South
1085,6.78,19,2140,1,3,13,12,0,South
1086,5.36,35,2022,1,2,3,2,1,East
1087,2.19,34,2334,0,5,20,16,0,West
1088,7.74,26,1286,0,1,0,5,1,West
1089,11.04,19,1613,1,2,14,12,1,North
1090,7.82,35,2049,1,5,12,17,1,East
1091,1.59,29,2370,0,1,28,18,0,West
1092,11.77,20,818,1,1,6,8,0,East
1093,10.78,41,2353,0,2,9,14,0,West
1094,2.14,60,2205,1,3,8,10,0,South
1095,10.72,24,1368,0,1,20,16,1,East
1096,11.7,15,832,0,3,20,1,0,North
1097,11.99,26,2057,0,2,20,6,0,South
1098,11.67,38,2274,0,1,14,7,1,East
1099,3.6,12,2025,1,5,21,9,1,West
1100,5.6,30,1339,0,3,16,8,1,South
1101,1.94,50,2340,0,4,30,5,0,South
1102,4.4,60,2156,0,4,24,11,1,West
1103,2.62,23,305,0,1,6,10,1,East
1104,8.02,27,2495,1,4,21,2,1,East
1105,4.15,14,1196,0,1,24,8,0,North
1106,9.02,46,2272,1,4,27,3,1,West
1107,2.59,48,340,1,5,7,19,0,East
1108,3.68,20,401,0,4,20,3,0,North
1109,5.86,32,1166,1,5,7,14,0,South
1110,2.44,46,1010,0,2,14,3,1,East
1111,9.0,35,1257,0,4,21,13,0,North
1112,7.63,16,540,0,1,16,5,0,South
1113,6.61,34,697,0,3,6,17,0,East
1114,8.56,28,473,0,2,8,4,0,East
1115,2.7,45,951,0,4,12,13,1,North
1116,10.54,26,2483,1,1,1,12,0,North
1117,11.58,32,814,1,2,28,9,0,West
1118,7.33,35,900,1,2,12,14,1,East
1119,2.69,38,2424,0,3,3,12,1,West
1120,5.58,52,1566,1,1,2,10,0,South
1121,8.56,30,819,0,5,19,6,0,East
1122,3.06,40,841,1,5,9,6,0,West
1123,10.53,20,1678,1,2,11,14,0,West
1124,1.18,10,2076,0,1,3,12,1,East
1125,6.95,23,2284,1,1,10,10,1,North
1126,2.81,56,1039,1,3,14,20,0,East
1127,3.97,43,2274,1,5,3,1,0,West
1128,10.56,12,2342,1,5,19,8,0,East
1129,9.59,58,1338,1,2,18,17,0,West
1130,9.19,14,379,0,2,4,7,0,North
1131,11.92,58,639,0,2,0,15,0,North
1132,4.2,13,1849,1,1,18,3,1,North
1133,6.79,39,589,0,1,3,11,0,West
1134,11.39,33,1285,1,1,2,2,1,West
1135,2.41,51,1454,0,3,15,9,1,North
1136,8.66,56,1324,0,1,15,9,0,North
1137,9.34,39,2248,0,2,25,10,0,West
1138,7.23,35,1072,0,5,3,17,0,South
1139,1.78,57,1154,0,2,24,4,1,West
1140,7.97,31,413,0,3,9,19,0,South
1141,3.14,42,980,1,4,20,9,1,West
1142,6.0,10,1042,0,2,21,8,0,West
1143,10.88,44,702,0,2,0,19,1,South
1144,5.94,14,2002,0,3,22,10,1,North
1145,1.14,41,2340,1,3,23,11,1,North
1146,6.51,22,2082,0,4,23,17,1,East
1147,5.57,50,431,0,4,15,7,1,East
1148,11.53,14,454,1,4,16,2,1,South
1149,5.23,25,1456,0,5,18,13,0,South
1150,4.73,11,1182,0,4,15,9,0,North
1151,5.98,42,2432,1,1,30,8,1,East
1152,11.95,48,1510,1,4,23,13,1,South
1153,11.45,28,912,0,1,13,7,1,East
1154,8.09,30,2240,0,5,20,1,0,North
1155,10.0,25,1963,0,1,5,8,0,West
1156,8.69,58,1463,1,1,11,5,0,West
1157,11.17,29,474,0,1,17,18,1,West
1158,7.61,49,2421,0,4,21,11,0,North
1159,2.62,15,1691,0,1,0,14,1,North
1160,3.13,56,1493,0,3,21,3,1,West
1161,3.58,35,466,1,4,2,1,1,South
1162,1.86,56,1663,0,5,22,8,1,East
1163,7.18,50,2408,0,5,0,11,0,North
1164,11.23,53,1459,1,5,27,17,0,North
1165,9.95,51,238,1,1,20,7,0,West
1166,8.29,10,775,0,1,26,1,0,West
1167,4.26,24,1105,1,3,26,7,0,West
1168,6.23,24,2126,1,5,9,12,1,East
1169,8.39,43,1694,0,3,1,10,1,South
1170,9.39,19,2468,0,3,13,7,0,West
1171,10.45,15,254,1,3,10,2,1,East
1172,6.25,36,1954,0,4,9,19,1,South
1173,1.77,46,1574,1,3,25,12,0,West
1174,7.31,23,2387,1,1,10,17,0,South
1175,5.86,17,1489,0,1,0,20,1,South
1176,3.54,50,1755,1,1,14,1,0,West
1177,1.02,46,1608,1,5,2,16,0,West
1178,11.61,19,1705,0,4,15,1,1,North
1179,7.29,58,947,1,2,10,20,1,West
1180,3.57,41,1559,0,2,17,20,0,South
1181,6.54,35,2466,1,3,29,16,0,South
1182,1.31,18,1920,1,4,13,16,1,East
1183,8.21,12,1434,1,4,23,17,0,East
1184,7.44,16,664,1,2,9,8,1,South
1185,6.21,53,1188,1,5,22,4,0,East
1186,8.56,23,2388,0,5,5,19,0,North
1187,1.79,32,2462,0,3,15,18,0,North
1188,11.18,34,1799,1,3,12,12,1,North
1189,11.76,19,1222,0,3,23,12,1,West
1190,10.95,23,1731,0,4,17,10,1,North
1191,6.48,56,1295,1,5,30,5,0,South
1192,1.69,27,1040,0,5,23,1,1,South
1193,3.14,35,2253,0,5,28,9,0,South
1194,3.1,37,2112,0,1,25,9,0,North
1195,11.83,57,2455,1,5,28,4,0,North
1196,9.43,57,457,1,4,5,8,1,East
1197,9.14,41,278,0,5,9,3,1,East
1198,3.69,22,1375,0,4,18,7,0,North
1199,4.86,12,443,0,5,17,2,1,South
1200,5.27,39,1961,0,4,28,7,0,South
1201,9.48,54,712,0,3,8,10,1,West
1202,3.45,29,2075,1,3,18,20,0,West
1203,10.05,45,1677,0,2,27,16,0,East
1204,2.8,13,483,0,5,29,2,0,South
1205,4.81,53,1019,1,1,10,17,1,North
1206,1.68,22,1619,0,2,8,2,1,East
1207,7.03,41,2342,0,4,28,2,1,South
1208,3.53,54,877,1,5,3,20,0,North
1209,10.06,37,566,1,1,18,13,1,South
1210,11.52,60,1275,0,3,3,7,1,East
1211,5.6,12,920,1,3,2,11,1,South
1212,8.68,19,1067,1,3,26,5,0,East
1213,4.07,16,1150,0,1,3,17,1,South
1214,1.15,46,733,0,4,28,8,1,North
1215,7.23,35,817,1,4,29,9,0,North
1216,9.77,47,325,1,3,13,17,0,South
1217,7.5,43,1607,1,5,21,9,1,North
1218,10.13,23,1677,1,1,18,17,1,North
1219,4.23,12,774,1,3,13,10,0,North
1220,2.6,39,1562,1,2,24,6,1,North
1221,3.64,21,1397,1,2,2,9,0,East
1222,1.63,14,2199,1,3,8,15,1,South
1223,2.76,17,1897,1,4,28,9,1,South
1224,2.8,17,1932,0,1,7,17,0,West
1225,8.97,60,1500,1,2,2,8,1,South
1226,9.73,20,654,0,5,20,4,0,North
1227,2.08,58,968,0,2,0,8,1,East
1228,9.74,21,873,0,1,30,15,1,South
1229,11.21,11,933,1,1,14,3,1,West
1230,4.14,35,243,1,2,1,7,0,East
1231,10.72,21,1718,1,4,27,18,0,North
1232,8.05,35,2366,1,5,16,19,0,North
1233,10.6,39,1187,1,3,30,20,0,East
1234,1.16,23,1478,0,4,7,1,0,East
1235,6.81,50,1278,1,3,23,11,1,West
1236,7.41,58,636,1,5,6,3,1,North
1237,1.89,58,1425,0,1,29,16,0,West
1238,9.41,32,1263,1,2,2,2,1,North
1239,7.78,57,1725,0,3,16,14,0,West
1240,8.81,40,2352,1,4,15,8,0,North
1241,2.75,42,254,1,1,25,8,0,North
1242,8.91,56,701,0,5,19,15,0,South
1243,3.15,42,2216,0,3,18,15,0,West
1244,8.88,56,2408,1,2,9,18,0,South
1245,7.53,52,1102,1,2,25,6,0,North
1246,7.99,47,2157,0,3,8,10,1,West
1247,10.72,13,990,0,2,21,8,1,East
1248,9.64,32,2425,0,3,17,18,0,South
1249,4.56,12,1952,0,1,28,3,0,East
1250,5.93,28,539,1,4,19,7,1,West
1251,3.68,53,1015,1,1,10,3,0,South
1252,9.53,33,1147,0,1,14,20,1,North
1253,5.59,29,523,0,3,9,19,1,North
1254,10.63,37,945,1,4,18,2,0,West
1255,9.55,20,472,0,4,22,8,0,East
1256,5.94,41,245,1,4,9,15,1,North
1257,5.41,14,1439,1,2,29,4,0,South
1258,6.38,21,2406,0,1,25,5,1,South
1259,2.24,23,1110,0,1,26,5,1,West
1260,3.21,53,1815,0,4,9,2,0,South
1261,3.09,36,1642,1,2,22,20,1,East
1262,7.75,11,1208,1,2,30,7,0,North
1263,10.28,58,1614,0,1,9,20,1,West
1264,7.19,20,1614,1,2,29,7,1,South
1265,2.23,57,513,0,5,30,1,0,West
1266,1.26,29,2438,0,5,6,1,0,East
1267,10.83,46,1060,1,1,30,3,1,North
1268,10.87,11,288,1,1,29,4,1,East
1269,2.28,46,1912,1,4,4,11,0,South
1270,9.69,34,1706,0,4,4,18,0,South
1271,7.66,57,1798,0,4,8,16,0,North
1272,1.11,42,1419,0,4,13,4,1,West
1273,8.74,60,258,0,3,23,4,0,South
1274,2.38,26,2257,1,1,8,13,0,East
1275,1.09,17,1166,0,5,17,9,1,West
1276,2.41,46,1055,1,1,29,12,1,East
1277,3.66,31,2119,1,5,9,4,1,North
1278,3.15,57,1673,0,4,9,10,0,East
1279,2.64,51,2279,0,3,7,5,1,North
1280,7.6,17,1254,0,1,17,6,1,West
1281,1.55,20,2341,0,1,1,8,0,North
1282,7.3,13,2280,0,3,7,11,1,South
1283,11.75,22,1292,0,1,11,19,1,South
1284,1.89,40,1972,1,2,6,16,1,East
1285,5.02,28,1200,0,5,12,18,0,East
1286,8.32,31,1006,0,3,12,20,0,West
1287,2.95,12,2389,1,1,25,10,1,South
1288,8.06,36,208,0,1,6,15,0,West
1289,8.99,12,722,0,5,0,19,0,South
1290,10.53,35,1175,1,5,8,12,0,East
1291,9.77,54,1164,0,4,28,2,0,North
1292,9.28,32,651,0,3,5,6,1,East
1293,3.08,26,804,1,5,29,20,1,East
1294,7.22,50,1342,0,2,21,11,0,South
1295,2.97,40,2296,0,2,16,14,1,South
1296,7.98,14,2115,1,3,5,5,0,East
1297,3.66,36,1718,1,3,28,5,0,West
1298,8.59,23,1596,0,1,8,18,0,West
1299,4.64,50,926,0,1,21,1,0,East
1300,10.19,25,2368,0,4,14,4,0,West
1301,7.44,57,1703,1,4,6,17,0,West
1302,4.29,20,887,1,5,7,1,1,South
1303,4.7,44,870,1,2,30,19,1,West
1304,6.63,56,394,0,5,21,15,0,North
1305,7.55,56,793,0,2,26,20,0,West
1306,3.14,11,1551,0,5,13,20,0,South
1307,9.72,25,2332,0,5,0,3,0,South
1308,6.33,14,956,0,2,6,4,1,North
1309,8.68,55,1258,1,2,11,15,0,South
1310,11.19,58,900,1,4,9,18,1,West
1311,7.68,34,995,0,3,5,17,0,North
1312,1.29,50,338,0,4,10,14,1,East
1313,2.51,55,1126,0,4,23,6,0,East
1314,1.57,46,2252,0,5,27,16,0,West
1315,8.4,47,2444,1,3,13,7,0,North
1316,2.95,23,1393,0,1,28,9,0,North
1317,1.69,24,226,0,1,28,15,1,North
1318,2.98,55,1154,1,4,29,7,1,East
1319,11.96,22,1570,0,1,29,17,0,South
1320,5.47,31,293,1,1,30,13,1,North
1321,9.26,35,1052,0,3,18,3,0,West
1322,3.56,14,1379,1,5,25,20,0,South
1323,11.97,44,2312,1,5,27,4,1,West
1324,11.63,12,1862,1,3,17,13,0,West
1325,2.34,42,513,1,1,9,13,1,North
1326,10.3,37,829,1,4,22,1,1,East
1327,7.55,48,878,0,3,16,19,1,South
1328,6.34,43,1995,1,3,27,20,1,West
1329,2.75,49,1483,0,2,8,9,0,West
1330,10.4,49,1602,1,4,1,10,0,East
1331,4.65,13,1271,1,5,29,5,1,West
1332,1.05,32,1151,1,3,24,13,0,West
1333,9.78,26,1628,1,5,8,15,1,South
1334,6.85,21,2282,1,2,7,13,0,North
1335,11.4,48,2357,0,2,25,13,1,North
1336,11.72,21,1775,0,5,0,9,1,East
1337,4.1,31,570,1,2,10,16,0,South
1338,4.78,48,547,1,2,7,5,1,West
1339,4.86,44,1689,0,3,10,2,0,West
1340,8.49,12,1446,1,2,13,5,0,North
1341,8.68,25,2449,0,4,20,16,1,West
1342,4.64,43,1416,0,2,26,8,1,North
1343,4.83,36,2139,1,1,8,14,1,North
1344,11.54,35,653,0,4,14,2,1,North
1345,1.57,22,1829,1,3,18,9,0,South
1346,5.44,26,1715,0,1,0,5,0,West
1347,4.9,37,1615,0,3,20,16,1,North
1348,4.03,28,641,0,3,10,6,0,South
1349,8.54,19,1231,0,4,5,15,0,West
1350,3.98,59,1336,0,3,16,5,1,South
1351,9.94,17,2394,0,3,25,5,0,North
1352,1.78,60,544,0,5,1,6,0,East
1353,5.61,52,1067,1,3,17,1,0,North
1354,5.58,42,317,0,1,17,20,0,North
1355,10.62,30,2109,0,3,17,11,0,East
1356,1.03,44,926,0,4,24,2,1,North
1357,9.4,41,806,0,1,28,7,1,North
1358,1.7,50,849,1,2,26,9,0,East
1359,10.91,26,2440,1,2,22,19,0,East
1360,4.4,41,1419,0,2,17,2,1,North
1361,6.14,50,1436,0,3,5,20,0,West
1362,3.04,16,998,0,3,15,10,0,South
1363,4.89,48,2035,1,1,20,10,1,West
1364,9.22,57,728,1,1,7,10,0,East
1365,1.33,26,1811,1,4,30,8,0,East
1366,9.46,42,1227,0,5,26,12,0,North
1367,5.23,19,1053,0,4,11,7,0,East
1368,4.05,12,2310,1,5,6,18,0,South
1369,5.42,31,350,0,2,2,18,1,North
1370,2.48,27,2340,0,1,12,15,0,South
1371,4.99,26,1001,1,3,19,18,0,East
1372,11.25,36,1770,1,4,23,11,1,North
1373,11.22,32,1459,0,5,13,20,0,South
1374,4.18,51,268,1,3,12,5,1,West
1375,10.21,46,1570,0,4,26,10,0,East
1376,4.09,14,484,1,3,18,10,1,East
1377,11.79,34,1810,1,1,28,19,1,East
1378,3.04,37,1805,1,4,18,10,1,South
1379,9.31,25,1170,1,4,1,19,1,South
1380,8.31,23,1193,0,2,26,18,1,East
1381,4.94,15,1729,0,1,1,9,0,East
1382,2.27,12,1622,0,3,30,15,0,South
1383,3.28,18,1568,1,2,3,20,0,East
1384,7.44,47,1189,0,3,23,10,1,West
1385,10.49,30,1754,1,2,7,14,0,East
1386,10.01,43,2130,1,1,5,20,1,East
1387,3.26,31,374,1,2,15,9,0,North
1388,2.71,40,1334,1,1,20,7,0,South
1389,7.95,19,851,1,1,4,17,0,West
1390,4.48,21,2379,1,4,21,17,1,South
1391,7.7,45,1781,0,1,30,9,0,East
1392,11.67,26,2396,0,5,10,5,0,East
1393,7.46,22,1377,0,3,23,19,1,West
1394,3.19,27,835,1,5,23,2,0,South
1395,10.78,36,531,1,4,24,16,0,West
1396,8.22,10,355,0,5,17,17,1,West
1397,8.47,56,1526,1,2,2,11,1,North
1398,10.84,46,501,1,3,12,3,0,East
1399,3.59,32,2435,1,4,12,19,1,South
1400,8.7,17,1430,0,2,29,13,0,South
1401,7.44,28,1515,0,3,25,4,1,East
1402,10.68,48,1110,1,2,0,16,0,South
1403,5.55,13,2466,0,3,11,11,1,West
1404,3.9,14,1440,1,3,7,10,0,East
1405,7.18,16,2313,0,5,12,5,1,East
1406,7.61,52,1667,0,1,19,1,1,West
1407,6.01,18,910,1,2,0,8,1,North
1408,9.04,58,778,1,5,15,1,0,East
1409,5.36,22,2398,1,1,7,10,0,East
1410,10.32,52,1382,0,1,13,19,0,North
1411,2.91,53,362,0,2,21,3,0,South
1412,6.81,46,442,1,2,1,20,1,South
1413,1.54,40,253,0,4,24,4,1,South
1414,6.47,19,1913,1,5,11,19,1,North
1415,10.48,30,1934,0,5,2,5,1,South
1416,8.54,43,207,0,3,6,19,1,East
1417,1.8,24,1328,0,3,16,5,1,North
1418,2.09,20,1737,0,1,24,2,1,East
1419,2.87,55,655,1,2,23,12,0,West
1420,1.02,26,778,1,2,24,20,0,East
1421,1.12,46,1564,0,5,27,8,0,West
1422,6.79,40,1913,1,4,16,9,0,South
1423,6.96,23,1268,1,3,12,9,1,South
1424,10.93,43,1113,0,4,10,16,1,West
1425,4.0,37,1643,0,1,30,6,1,North
1426,3.34,37,678,1,1,1,6,0,West
1427,2.88,39,2265,1,4,14,1,0,East
1428,11.84,23,1524,1,4,9,14,1,East
1429,7.33,26,1513,1,2,6,14,0,West
1430,6.58,41,2362,1,1,9,17,0,South
1431,9.95,55,2398,0,3,24,9,1,East
1432,9.03,58,1323,1,5,25,15,1,South
1433,7.35,38,2489,1,5,22,16,1,South
1434,4.43,51,2137,1,2,9,1,1,East
1435,11.99,47,926,0,4,4,20,0,North
1436,1.97,60,401,1,1,16,13,0,East
1437,3.51,58,2250,1,4,14,17,1,East
1438,4.45,49,1256,1,2,23,1,0,East
1439,10.1,52,304,1,5,25,8,0,East
1440,4.51,54,2167,1,4,30,18,0,North
1441,3.88,33,391,0,3,8,2,1,South
1442,1.33,39,1623,0,3,25,7,0,South
1443,7.58,34,1969,1,4,11,19,1,West
1444,2.02,16,582,1,3,10,10,0,West
1445,1.34,30,1273,1,1,23,10,1,East
1446,4.07,17,1107,0,2,6,1,0,North
1447,3.95,25,254,0,4,13,1,0,East
1448,9.34,11,2402,1,4,21,8,0,South
1449,10.33,21,438,0,1,13,9,1,West
1450,1.78,12,1552,0,4,0,7,0,East
1451,11.78,18,938,0,3,15,1,0,East
1452,7.8,42,1452,1,4,23,3,0,West
1453,10.24,32,546,0,4,15,4,0,North
1454,3.79,25,1921,1,4,25,8,0,North
1455,10.12,40,1953,1,5,6,14,0,East
1456,1.15,18,1438,0,2,7,19,0,West
1457,9.98,15,1881,0,3,9,20,1,West
1458,4.29,45,847,0,1,2,4,1,West
1459,8.35,57,1347,0,1,1,6,1,North
1460,11.05,29,2246,1,2,21,4,1,East
1461,5.53,11,1334,1,3,1,17,1,South
1462,6.3,42,1488,0,3,9,15,0,North
1463,6.98,57,1690,1,4,3,19,1,South
1464,3.29,34,762,1,4,15,6,1,North
1465,2.35,34,1684,0,1,24,13,1,West
1466,8.81,48,1608,1,5,9,3,0,West
1467,6.32,24,472,1,5,9,2,0,South
1468,6.36,50,2073,0,4,18,10,0,North
1469,8.2,46,1828,0,3,6,7,0,East
1470,11.76,44,245,1,3,13,18,1,East
1471,10.88,57,661,0,1,22,7,1,East
1472,5.25,51,983,0,1,15,16,1,East
1473,5.37,45,820,1,1,7,6,1,South
1474,5.38,26,361,0,4,15,2,0,South
1475,10.7,59,423,1,3,0,17,1,North
1476,10.78,10,1299,0,3,24,1,1,South
1477,6.96,58,203,1,1,10,7,1,North
1478,2.21,41,602,1,2,19,11,1,South
1479,11.39,29,607,0,3,3,10,0,West
1480,6.24,28,710,0,5,21,11,1,West
1481,4.74,54,1219,0,3,20,16,0,West
1482,11.55,27,2497,0,1,18,2,1,East
1483,11.53,45,639,1,3,28,1,1,North
1484,8.83,38,973,1,1,1,18,0,North
1485,1.3,54,1455,0,3,6,8,0,South
1486,6.7,41,1239,0,4,30,11,0,North
1487,9.67,46,2434,0,2,13,19,0,South
1488,6.91,49,1029,1,5,9,2,1,South
1489,9.6,17,455,1,1,16,10,1,West
1490,1.67,52,1969,0,2,27,13,1,North
1491,5.67,21,731,0,2,6,6,1,East
1492,7.08,25,2099,0,4,26,3,1,West
1493,4.52,25,673,1,2,2,15,1,West
1494,12.0,33,556,1,3,12,7,0,West
1495,8.83,38,2233,0,3,4,16,1,West
1496,9.57,21,1515,1,3,20,17,1,East
1497,8.9,57,2067,1,5,4,8,1,West
1498,11.86,48,1748,1,1,23,13,0,South
1499,5.37,59,778,1,4,21,5,0,East
1500,8.54,13,1169,1,4,25,13,0,West
1501,9.05,26,1771,0,4,11,14,1,North
1502,9.69,36,663,1,3,24,20,0,West
1503,6.21,22,837,0,4,3,15,1,North
1504,8.08,14,1831,1,2,27,8,1,East
1505,7.41,20,224,1,3,10,17,0,North
1506,7.14,60,1970,1,5,9,2,0,North
1507,4.66,22,2204,1,5,6,11,0,West
1508,2.66,11,1176,0,1,22,3,0,East
1509,1.8,15,1333,1,1,10,4,1,South
1510,6.87,21,1966,0,3,17,5,1,South
1511,10.37,13,2239,0,1,4,12,1,East
1512,10.61,47,866,1,1,28,6,1,North
1513,7.0,41,2441,0,4,30,9,0,West
1514,11.1,40,1601,1,2,20,14,1,West
1515,7.32,36,1484,1,1,14,6,1,North
1516,11.8,11,2308,0,4,16,18,1,North
1517,7.56,59,2174,1,3,15,7,1,West
1518,8.65,28,413,0,3,2,9,1,North
1519,6.23,25,1489,0,4,9,14,0,West
1520,7.3,35,614,0,2,12,2,1,West
1521,5.63,54,1968,0,1,29,19,1,East
1522,11.81,41,2247,0,1,14,14,0,North
1523,2.4,53,839,1,2,5,6,0,East
1524,4.9,10,715,0,1,8,4,0,North
1525,1.66,32,1676,1,4,30,15,0,South
1526,3.67,44,2126,1,3,25,5,0,North
1527,8.04,45,271,0,3,11,3,0,North
1528,11.99,14,1348,0,4,5,3,0,North
1529,2.82,16,844,1,1,1,8,1,South
1530,10.88,46,808,0,4,20,10,0,East
1531,11.59,45,1077,1,3,3,10,1,South
1532,6.54,37,937,1,4,4,8,0,East
1533,1.53,45,1443,0,1,17,8,0,North
1534,5.29,53,230,0,2,17,8,1,East
1535,2.61,50,2342,1,3,20,18,0,West
1536,8.93,48,1041,1,1,6,7,0,North
1537,2.07,31,1736,1,1,5,19,1,West
1538,7.61,54,2291,1,1,1,16,1,West
1539,11.9,28,2023,1,1,24,15,0,East
1540,10.36,37,1845,1,4,4,3,1,East
1541,5.11,60,379,0,4,28,17,1,West
1542,10.81,30,1124,0,4,0,14,1,South
1543,3.24,50,1819,0,1,7,19,1,North
1544,6.68,21,2414,0,5,28,5,1,North
1545,11.7,33,252,1,4,30,13,0,West
1546,7.6,55,1544,0,4,10,16,0,North
1547,7.69,25,2212,1,2,30,11,1,North
1548,5.42,14,2317,0,5,7,17,0,West
1549,9.58,34,521,0,2,1,11,1,East
1550,8.06,23,1190,0,5,29,11,0,South
1551,10.4,18,1363,1,2,6,5,0,South
1552,7.46,42,751,0,5,23,3,1,West
1553,2.48,21,365,0,1,0,15,0,North
1554,3.42,20,2139,1,4,1,3,1,West
1555,4.86,23,2021,0,5,6,13,0,South
1556,4.8,23,2216,0,3,6,11,0,South
1557,9.79,24,2332,0,2,7,5,1,North
1558,4.44,30,232,1,2,5,11,1,North
1559,4.27,13,1147,0,1,7,10,1,South
1560,10.54,48,1845,0,5,21,20,1,South
1561,6.36,15,820,1,3,25,4,1,East
1562,8.13,12,2204,0,5,3,1,0,West
1563,7.12,13,1832,0,5,6,18,1,West
1564,6.5,47,564,1,3,26,7,1,East
1565,2.99,40,655,0,3,16,6,0,North
1566,4.32,34,1290,0,2,9,14,0,North
1567,5.17,19,2248,1,2,10,1,0,East
1568,4.68,44,805,0,1,14,9,0,West
1569,2.26,23,1802,1,2,7,6,1,South
1570,11.34,41,1973,1,5,14,19,1,East
1571,6.23,19,1830,0,1,23,9,0,North
1572,7.85,31,292,1,2,4,5,0,North
1573,6.53,35,2294,0,1,10,5,1,North
1574,11.06,23,2326,1,1,1,13,1,East
1575,3.98,41,1554,0,1,10,16,0,North
1576,5.53,45,737,1,4,23,20,1,West
1577,2.11,41,1059,0,5,17,10,1,North
1578,6.78,49,2017,1,2,7,15,0,East
1579,7.92,56,966,1,3,26,16,0,North
1580,10.71,56,240,0,2,8,6,0,East
1581,6.08,59,472,0,4,3,8,1,North
1582,4.59,11,2081,0,4,19,14,1,South
1583,6.24,31,871,0,4,20,20,0,North
1584,4.14,19,2232,0,5,26,16,0,South
1585,4.34,33,516,0,4,15,12,1,West
1586,2.36,57,1949,0,4,17,12,0,East
1587,11.7,29,1484,0,1,10,14,0,South
1588,8.32,12,1865,0,1,29,11,0,North
1589,8.34,57,1103,1,5,9,20,0,South
1590,1.0,20,279,1,4,2,1,1,North
1591,4.89,31,1262,1,3,5,5,1,South
1592,6.81,30,1831,1,4,18,9,0,North
1593,2.43,36,1642,0,4,9,11,0,North
1594,5.23,43,2363,0,3,27,16,0,East
1595,6.56,14,1488,1,1,20,1,0,East
1596,7.07,25,2495,1,2,26,10,1,South
1597,2.57,47,1333,1,2,17,3,1,West
1598,1.25,57,647,1,4,12,3,1,East
1599,1.31,41,1837,0,2,30,17,1,West
1600,3.38,19,2272,1,5,29,7,0,North
1601,3.81,50,928,0,5,26,4,1,North
1602,5.08,19,2060,1,1,2,13,0,South
1603,5.32,40,301,1,3,19,17,0,East
1604,7.66,16,349,0,1,28,2,0,East
1605,4.78,11,961,1,4,25,3,1,North
1606,4.61,12,2356,0,1,0,2,0,North
1607,5.88,44,913,1,1,16,9,0,South
1608,3.78,60,732,0,4,9,12,1,North
1609,9.74,26,1671,0,2,12,18,0,South
1610,8.74,60,1704,1,1,22,10,0,South
1611,11.19,49,1743,1,1,27,10,1,North
1612,10.84,41,1491,0,1,25,15,0,East
1613,8.02,52,1440,0,4,6,1,1,North
1614,2.67,45,2217,0,5,26,8,1,North
1615,9.14,20,2235,0,2,6,18,0,West
1616,5.47,54,2023,1,2,7,18,0,South
1617,2.24,20,683,1,3,9,18,1,North
1618,5.73,51,1024,0,1,19,1,0,East
1619,10.27,39,2400,1,3,20,19,0,West
1620,3.67,14,1737,0,4,18,12,1,West
1621,6.02,52,2219,1,1,9,1,0,North
1622,3.4,41,1416,1,3,9,13,0,West
1623,1.67,53,2006,0,3,9,10,0,South
1624,8.33,51,992,0,3,2,9,0,East
1625,5.04,59,1882,1,4,10,5,0,South
1626,1.19,43,2137,1,5,12,15,0,West
1627,4.27,35,1399,0,2,3,9,1,West
1628,8.16,24,397,0,1,8,9,0,West
1629,2.23,21,2002,0,2,29,6,1,North
1630,3.29,33,299,1,1,23,8,1,West
1631,4.51,47,2134,1,4,0,18,0,North
1632,9.76,14,1920,1,4,2,5,0,South
1633,6.04,34,1139,1,2,25,4,0,East
1634,2.98,14,2142,1,2,2,19,0,West
1635,4.01,28,392,1,1,27,11,1,West
1636,3.0,15,496,0,3,16,13,0,West
1637,3.53,23,904,1,3,21,20,0,North
1638,4.95,26,1077,0,1,18,1,1,North
1639,2.69,34,1566,0,5,11,1,1,North
1640,8.45,17,354,1,2,16,2,1,North
1641,5.29,45,2453,0,4,12,15,0,East
1642,2.84,58,1859,1,4,9,18,1,North
1643,4.26,27,595,0,4,19,20,1,North
1644,8.36,53,529,1,1,5,20,0,East
1645,3.43,56,2243,1,5,29,18,0,East
1646,4.57,31,757,0,4,0,12,1,North
1647,9.35,58,1037,0,3,9,1,1,East
1648,3.89,50,1876,0,5,20,13,1,East
1649,3.78,60,344,1,2,4,12,1,North
1650,6.91,52,737,1,5,20,6,0,East
1651,1.2,25,976,0,4,5,15,1,East
1652,8.93,17,1240,1,2,25,17,0,West
1653,9.98,53,516,1,5,17,12,0,West
1654,1.58,20,693,0,3,26,16,0,North
1655,4.64,58,1720,1,3,23,16,1,North
1656,10.59,18,745,0,1,23,20,1,South
1657,6.83,25,937,0,4,21,11,1,North
1658,8.95,49,597,1,4,11,3,1,South
1659,3.6,27,1539,1,5,2,11,1,East
1660,4.03,25,720,0,5,2,7,0,East
1661,2.35,47,1395,1,1,17,20,1,South
1662,5.41,45,1604,1,1,0,3,0,North
1663,1.31,28,1203,1,5,28,14,1,West
1664,10.2,22,1518,1,2,29,6,1,South
1665,9.99,13,1809,0,5,17,12,0,North
1666,4.95,56,1790,1,3,16,9,0,South
1667,8.8,37,1969,1,5,9,10,1,East
1668,8.13,24,1797,1,4,22,11,0,East
1669,4.78,41,647,1,1,14,17,1,West
1670,3.98,52,1653,0,2,27,19,1,North
1671,5.0,11,294,0,1,29,19,0,North
1672,6.69,25,861,1,5,10,9,1,North
1673,6.0,58,513,1,5,2,5,0,East
1674,11.2,32,1868,0,3,2,1,0,North
1675,1.21,15,1735,1,4,19,13,1,North
1676,1.83,44,2406,1,5,20,2,1,North
1677,5.79,40,1565,0,3,10,4,0,East
1678,4.92,24,2175,1,5,16,4,1,West
1679,11.39,45,410,0,2,12,4,1,West
1680,2.61,43,264,0,2,5,14,1,South
1681,2.72,12,1794,1,1,6,6,1,North
1682,1.16,59,1730,0,3,0,20,1,East
1683,3.34,21,929,0,1,24,15,0,East
1684,1.29,27,1017,1,4,20,13,1,East
1685,6.69,38,1097,0,5,17,4,1,East
1686,4.21,52,940,1,5,24,3,1,North
1687,4.54,26,1663,0,1,1,1,0,South
1688,10.59,60,992,0,4,27,19,0,West
1689,10.2,22,1893,1,3,14,14,0,East
1690,10.47,32,1720,0,2,28,2,1,South
1691,6.49,22,717,0,4,18,13,1,West
1692,5.64,44,906,0,4,25,16,1,North
1693,8.13,36,1521,0,2,27,6,0,West
1694,6.48,55,416,0,3,25,9,1,East
1695,10.06,33,1572,1,3,20,13,1,West
1696,4.86,17,229,1,2,22,18,0,North
1697,10.62,51,342,0,2,30,4,1,North
1698,2.44,46,459,0,1,25,19,0,South
1699,11.83,29,1903,1,2,24,11,0,West
1700,9.28,22,1709,1,5,1,14,0,North
1701,11.99,25,648,0,5,12,4,0,North
1702,5.67,20,1003,1,5,21,2,0,West
1703,1.61,15,2075,1,5,30,13,1,West
1704,2.34,20,2126,0,3,19,20,0,West
1705,5.45,38,1859,0,3,9,14,0,East
1706,3.15,46,265,0,2,11,13,0,South
1707,1.06,42,2231,1,2,25,5,1,West
1708,10.12,44,1944,1,1,30,20,1,South
1709,10.12,46,1879,0,2,6,20,0,West
1710,1.56,44,1964,1,2,16,11,1,South
1711,4.9,56,2034,0,4,13,14,0,East
1712,3.34,37,2022,0,1,30,20,0,South
1713,4.03,43,1542,1,5,25,7,1,North
1714,10.04,48,1422,1,4,26,9,0,South
1715,6.17,37,1396,1,3,21,18,0,East
1716,11.97,49,2104,0,3,10,12,0,East
1717,8.44,33,1560,1,5,2,3,1,East
1718,3.2,32,824,1,3,14,10,0,East
1719,8.71,19,2408,1,1,17,3,1,North
1720,5.67,34,292,1,4,23,20,0,East
1721,3.25,54,431,1,4,14,12,0,East
1722,9.41,41,1304,0,1,23,17,1,North
1723,2.81,28,1306,1,1,19,9,0,South
1724,6.82,10,761,1,4,10,1,0,West
1725,3.76,59,256,0,2,2,13,1,South
1726,2.56,19,2130,1,4,18,10,0,West
1727,8.89,46,1699,0,5,16,6,1,South
1728,6.94,60,1981,1,3,18,19,1,South
1729,7.28,58,2303,1,5,9,16,0,West
1730,10.92,35,1223,1,1,4,10,1,South
1731,4.24,35,266,1,2,8,12,1,East
1732,4.42,13,520,1,2,18,2,0,North
1733,4.0,17,1201,1,4,28,1,1,East
1734,9.01,39,2488,1,5,1,3,1,South
1735,9.12,46,333,0,2,7,12,1,North
1736,2.31,19,967,1,1,14,11,0,South
1737,7.1,27,509,1,2,18,8,0,North
1738,4.06,30,432,1,3,19,8,1,East
1739,7.66,42,2384,0,1,7,1,1,North
1740,9.97,13,2393,1,3,22,1,0,East
1741,11.42,51,495,1,3,8,6,0,East
1742,3.12,44,1465,1,3,22,20,1,West
1743,2.69,36,1293,1,1,27,14,0,North
1744,10.84,58,411,0,2,9,12,0,North
1745,7.11,30,1909,0,5,5,18,1,North
1746,9.11,17,1316,1,3,6,13,0,West
1747,10.12,21,520,1,3,11,15,0,North
1748,10.2,54,1694,1,1,25,4,1,South
1749,9.34,18,2067,1,5,29,6,1,West
1750,2.05,56,1947,0,5,10,16,1,West
1751,6.22,29,1608,0,5,2,11,1,South
1752,10.39,23,2215,1,1,26,3,1,North
1753,3.31,39,1991,0,3,1,5,0,South
1754,5.28,18,230,0,1,21,1,1,South
1755,4.05,47,204,1,3,10,9,0,West
1756,3.41,23,1275,0,5,4,15,1,South
1757,11.59,12,1886,1,3,5,8,1,North
1758,4.55,54,785,0,4,8,3,1,South
1759,1.67,28,708,1,1,1,2,0,South
1760,5.89,59,1372,1,2,4,14,1,South
1761,8.21,58,2064,0,3,26,8,1,West
1762,5.75,60,1086,0,3,1,8,1,South
1763,5.27,45,1177,0,1,3,7,0,South
1764,8.86,49,1144,0,1,0,15,1,West
1765,3.27,10,1947,1,1,30,3,0,North
1766,2.75,18,2138,0,5,22,14,0,South
1767,8.92,17,785,0,4,28,10,1,South
1768,11.36,43,1694,1,5,23,9,0,East
1769,8.06,42,579,0,5,18,16,1,South
1770,5.06,32,767,1,5,1,15,1,North
1771,5.73,50,1508,1,2,2,13,0,South
1772,3.3,28,969,1,4,20,10,1,East
1773,2.72,22,2345,0,5,28,4,0,East
1774,11.48,32,637,0,3,16,5,1,North
1775,11.62,14,1820,1,1,5,20,0,West
1776,6.34,53,1941,1,4,22,12,0,West
1777,8.82,19,428,0,4,5,8,0,West
1778,10.52,20,1140,0,5,13,5,1,South
1779,2.9,41,1760,0,1,28,6,0,East
1780,11.53,41,341,1,5,3,8,0,West
1781,3.73,51,1731,1,4,2,17,0,North
1782,4.02,13,1760,1,2,29,1,0,East
1783,2.55,38,1031,1,5,15,16,0,West
1784,11.15,21,2379,0,3,3,13,1,West
1785,5.68,32,2214,1,5,10,4,0,East
1786,1.17,51,2353,0,5,17,14,1,South
1787,8.18,35,222,0,5,7,3,0,North
1788,8.99,41,750,1,4,11,15,1,West
1789,11.08,46,668,1,2,0,4,0,North
1790,2.72,35,2402,0,2,24,19,1,South
1791,6.9,57,926,0,4,29,17,1,South
1792,10.76,15,2265,1,4,6,15,0,West
1793,11.64,57,1586,0,3,16,5,1,East
1794,1.09,52,1606,0,3,11,18,0,East
1795,8.77,32,2235,0,1,6,6,0,East
1796,2.78,19,1120,1,4,3,1,0,North
1797,5.72,11,2124,0,2,2,10,1,East
1798,6.22,33,1533,0,1,14,9,0,East
1799,10.32,27,760,0,5,4,10,1,West
1800,3.06,28,2049,1,2,29,20,0,North
1801,4.16,22,1588,1,3,18,14,0,North
1802,9.72,19,1418,1,3,13,13,0,South
1803,8.44,24,925,1,5,30,12,0,West
1804,11.74,35,1568,1,4,30,14,1,East
1805,2.52,60,1319,0,3,18,9,0,North
1806,3.71,43,891,1,5,6,18,1,East
1807,9.45,52,2499,0,4,18,4,0,South
1808,4.52,57,1151,0,2,11,8,1,East
1809,11.82,48,2492,1,5,27,11,1,South
1810,11.46,47,1311,0,3,29,3,0,North
1811,9.8,42,528,1,5,25,19,0,South
1812,4.75,52,1377,1,4,19,13,1,South
1813,6.76,44,1959,1,3,0,13,0,East
1814,3.13,16,461,1,4,20,19,1,South
1815,8.5,40,2349,0,5,1,10,1,North
1816,8.62,49,679,1,2,17,15,1,South
1817,5.67,52,1048,1,3,21,12,1,South
1818,3.55,38,410,1,4,24,5,1,South
1819,2.37,50,414,0,2,23,3,0,South
1820,6.01,28,1073,0,5,23,10,0,West
1821,10.48,35,2069,1,1,20,11,0,South
1822,6.76,14,898,0,1,26,9,0,South
1823,4.71,17,907,0,1,28,5,0,South
1824,7.56,52,1447,0,5,21,1,0,West
1825,6.83,48,1802,0,4,14,2,1,North
1826,10.02,15,216,1,3,4,20,0,North
1827,3.12,29,949,1,5,6,9,1,West
1828,9.46,42,755,0,5,16,11,1,North
1829,10.91,46,645,0,5,29,20,1,North
1830,8.31,22,2117,1,5,2,8,1,West
1831,10.45,46,565,1,1,29,14,0,North
1832,11.61,13,1547,1,1,25,12,0,West
1833,8.28,41,2387,0,2,15,14,0,North
1834,3.87,10,1327,1,5,21,8,0,South
1835,2.16,40,236,1,4,3,10,0,West
1836,10.18,57,319,0,2,13,16,0,West
1837,9.45,39,1052,0,3,25,6,1,East
1838,9.18,42,1983,1,5,28,10,1,West
1839,6.71,15,1574,1,2,26,3,1,North
1840,11.94,18,1813,1,3,25,5,0,North
1841,10.62,50,648,0,4,15,14,1,West
1842,3.78,52,566,0,5,18,16,1,South
1843,10.88,40,1876,1,1,28,5,0,West
1844,3.46,13,1475,0,1,13,20,1,North
1845,6.74,22,937,0,2,24,7,0,South
1846,6.38,47,1896,0,5,12,3,1,West
1847,2.86,41,1602,1,4,29,18,0,North
1848,11.9,47,210,1,1,0,13,0,East
1849,6.78,51,617,1,4,27,14,1,West
1850,8.55,10,1316,1,5,20,14,0,East
1851,6.86,35,721,0,4,13,15,1,North
1852,8.15,11,440,0,3,12,15,0,East
1853,1.3,42,2437,0,5,21,18,1,West
1854,2.33,22,1810,1,2,18,13,1,South
1855,9.22,10,812,1,3,17,20,1,South
1856,3.07,33,2359,1,5,23,18,0,West
1857,8.2,26,1462,0,3,6,19,0,East
1858,10.9,28,765,1,3,5,5,1,East
1859,2.25,60,1613,1,4,26,15,0,South
1860,2.01,39,1238,1,4,14,5,0,North
1861,11.63,55,2119,1,5,26,12,1,North
1862,1.79,17,1540,0,1,14,14,1,West
1863,2.76,25,502,0,3,9,6,0,West
1864,3.73,19,1958,0,2,0,20,1,West
1865,8.4,44,1937,1,4,23,5,0,West
1866,2.72,47,260,0,1,29,4,1,South
1867,6.11,26,2319,0,2,1,10,1,North
1868,3.67,32,1387,1,5,14,12,1,South
1869,5.89,32,892,1,3,23,14,1,South
1870,4.95,24,636,1,2,8,7,0,West
1871,10.51,35,803,0,2,24,1,1,South
1872,1.02,38,659,0,2,6,17,0,West
1873,3.69,55,2471,0,1,9,5,0,South
1874,5.8,56,1333,1,1,6,19,0,North
1875,2.0,43,1704,1,4,29,3,1,South
1876,11.01,22,1157,0,4,8,9,0,West
1877,2.41,35,1060,1,2,10,20,1,West
1878,11.57,23,841,0,4,19,12,1,East
1879,4.14,33,613,0,2,9,18,0,North
1880,7.63,24,1828,0,4,23,15,1,East
1881,4.87,22,532,0,1,26,17,0,South
1882,11.42,28,1614,0,3,27,20,0,East
1883,10.53,48,328,0,4,28,10,0,East
1884,3.21,36,351,1,5,27,15,0,South
1885,9.32,42,1801,0,1,15,20,0,North
1886,3.3,42,2103,1,1,7,1,0,South
1887,8.69,35,1899,0,1,13,16,1,East
1888,9.64,60,1638,1,5,12,12,0,North
1889,4.96,27,2267,1,2,12,7,1,North
1890,2.65,52,2211,0,3,29,13,0,North
1891,8.18,27,2116,1,5,17,2,0,South
1892,1.48,55,962,1,5,4,16,1,West
1893,6.95,24,2260,1,3,26,17,1,North
1894,8.0,20,1636,1,4,23,18,0,South
1895,4.16,51,828,1,4,21,18,0,West
1896,9.44,56,2500,1,2,9,8,0,West
1897,2.06,25,1578,1,2,2,10,1,East
1898,4.93,24,1844,1,2,20,17,1,West
1899,1.28,35,353,0,2,15,10,0,West
1900,9.25,12,2265,1,5,15,13,0,West
1901,3.31,17,1351,0,4,5,20,0,East
1902,4.82,52,2480,1,2,21,1,0,South
1903,5.51,10,964,1,3,10,4,1,West
1904,8.11,12,1696,0,3,16,15,1,North
1905,1.24,25,1098,0,4,7,3,1,South
1906,8.24,12,1367,0,1,1,19,1,West
1907,4.87,21,1918,1,4,10,4,0,South
1908,11.13,29,2008,1,2,16,8,0,West
1909,6.95,24,1120,0,2,8,19,0,South
1910,4.69,19,384,1,4,18,14,1,South
1911,6.19,27,556,0,4,18,4,0,North
1912,7.19,60,1856,0,4,21,16,0,South
1913,7.08,21,624,1,1,23,10,0,North
1914,6.32,19,1804,0,1,10,8,1,South
1915,2.88,11,1339,1,3,30,18,1,North
1916,6.02,17,2295,1,5,25,18,1,North
1917,3.42,13,686,0,2,19,3,1,East
1918,5.2,26,984,0,4,15,16,0,East
1919,2.45,26,1052,1,5,10,10,0,South
1920,6.6,46,240,0,3,13,3,0,West
1921,11.81,60,511,1,5,21,10,1,West
1922,6.91,25,1628,0,3,18,14,1,South
1923,7.94,15,795,0,4,22,2,1,South
1924,1.38,19,1413,0,5,30,3,1,West
1925,6.25,26,1830,0,2,25,5,0,South
1926,8.53,39,1205,0,5,26,5,0,North
1927,3.49,59,218,1,5,10,10,0,East
1928,5.72,35,397,0,1,2,10,0,West
1929,11.4,43,930,0,1,13,14,1,North
1930,5.11,31,270,0,1,15,13,0,South
1931,8.98,27,564,1,3,4,11,0,West
1932,10.97,58,1847,1,2,24,9,0,East
1933,2.28,34,2241,1,3,10,1,1,East
1934,5.06,50,908,1,2,20,20,0,East
1935,7.21,14,649,1,4,17,12,0,West
1936,2.65,42,671,1,1,19,7,0,South
1937,3.88,16,2476,0,3,9,2,1,East
1938,6.36,23,394,1,4,21,7,1,West
1939,6.75,45,1296,1,1,12,20,0,South
1940,7.21,34,1896,1,2,21,16,1,West
1941,10.29,16,804,0,1,7,10,0,North
1942,9.96,42,1868,1,5,29,6,0,West
1943,6.99,15,377,1,5,0,15,1,South
1944,10.32,55,738,0,3,3,17,1,East
1945,8.28,31,1863,1,4,26,14,1,South
1946,1.89,35,843,0,3,0,13,1,North
1947,3.31,51,642,1,5,28,18,0,East
1948,1.08,17,2486,0,2,8,16,0,South
1949,3.63,53,1149,0,1,24,7,0,North
1950,9.74,33,508,0,3,4,8,0,West
1951,4.58,39,859,0,3,1,11,1,West
1952,1.29,26,267,0,1,5,17,1,West
1953,8.74,43,482,1,5,30,3,1,East
1954,1.62,49,870,1,3,12,6,1,North
1955,9.34,14,1444,1,5,29,6,1,East
1956,6.76,17,2288,0,4,10,3,0,East
1957,6.61,54,777,0,4,17,9,0,North
1958,5.82,46,854,1,2,28,4,0,East
1959,3.61,40,741,1,3,30,6,0,South
1960,1.48,46,1611,0,1,8,8,0,South
1961,1.57,37,2047,0,5,2,16,0,South
1962,1.41,50,1343,0,4,5,20,0,North
1963,6.71,60,2380,0,4,10,5,0,East
1964,9.28,49,313,1,4,23,7,0,West
1965,10.37,57,1113,0,5,11,10,0,East
1966,2.4,44,231,1,3,19,15,1,East
1967,6.68,45,2368,0,5,28,12,0,West
1968,1.89,45,2135,1,5,18,20,1,North
1969,2.59,12,1003,0,5,28,17,0,North
1970,10.07,19,2443,1,3,6,3,0,East
1971,4.84,12,986,0,5,11,17,0,East
1972,4.56,10,914,1,2,25,13,1,South
1973,7.57,58,295,0,5,5,19,0,North
1974,6.59,47,1249,0,2,10,8,1,South
1975,9.39,31,1922,1,2,0,19,1,East
1976,5.75,11,858,0,5,24,9,1,North
1977,10.26,42,1932,0,5,2,10,0,East
1978,9.0,33,1764,0,2,0,9,0,West
1979,5.5,58,1070,0,5,11,12,0,North
1980,10.26,36,1758,1,5,18,20,0,West
1981,3.09,26,1518,0,2,24,16,0,East
1982,10.29,44,1004,1,4,11,7,0,North
1983,7.31,56,597,1,3,1,19,1,North
1984,1.82,10,606,1,4,7,16,0,West
1985,5.17,45,2039,0,1,26,20,0,East
1986,4.18,16,868,0,1,15,4,1,North
1987,3.85,41,845,1,3,14,15,1,West
1988,1.88,60,1092,0,3,26,16,1,West
1989,7.01,20,2331,0,2,30,11,0,East
1990,11.19,56,855,1,2,7,4,0,East
1991,2.87,41,790,1,1,23,8,1,East
1992,1.96,36,1731,1,1,20,16,1,West
1993,8.96,19,2059,1,4,15,14,1,North
1994,11.86,30,972,1,4,14,13,0,East
1995,5.24,20,948,0,2,19,8,0,East
1996,7.54,21,2486,1,2,3,16,1,South
1997,1.63,36,1473,0,3,24,20,0,West
1998,7.34,20,1935,1,3,29,15,1,West
1999,2.45,58,256,0,2,8,10,1,West
2000,9.15,55,906,0,1,2,10,1,East
2001,1.33,48,318,0,3,23,20,0,East
2002,2.64,44,655,1,5,12,15,1,West
2003,3.34,56,827,0,1,9,6,0,South
2004,5.64,29,2205,1,3,11,16,0,South
2005,4.01,19,1309,0,2,30,15,0,North
2006,1.73,36,2343,1,5,9,8,1,East
2007,4.91,25,1925,0,4,23,1,1,East
2008,11.98,36,464,1,5,19,16,0,North
2009,2.68,52,2062,1,2,24,17,0,West
2010,9.53,58,676,1,2,8,4,0,North
2011,4.82,50,2112,1,3,5,7,1,West
2012,10.58,27,1642,1,4,8,9,0,North
2013,3.5,26,596,1,2,15,20,0,North
2014,8.29,41,1853,1,3,11,20,1,East
2015,11.72,12,516,1,3,26,7,0,West
2016,3.89,54,296,1,3,7,20,0,West
2017,10.53,44,1388,1,5,27,15,1,East
2018,5.81,14,2046,0,1,1,7,1,South
2019,10.48,19,1582,0,2,22,17,0,East
2020,8.78,22,2256,1,5,4,4,1,West
2021,3.42,28,2465,0,3,30,12,1,West
2022,11.26,21,478,0,5,2,1,1,North
2023,7.48,57,1876,1,2,28,4,1,East
2024,11.41,11,1883,0,1,17,19,1,South
2025,9.19,60,2210,1,2,2,13,0,South
2026,10.29,31,1040,0,5,11,12,0,West
2027,1.51,39,357,1,2,4,11,0,North
2028,11.81,10,1855,0,4,25,5,0,North
2029,5.63,41,791,1,1,15,16,1,West
2030,10.45,25,530,1,3,26,11,1,South
2031,10.11,57,1449,1,1,2,15,1,East
2032,10.33,55,1344,0,3,21,15,1,West
2033,11.21,15,1566,1,4,9,7,0,East
2034,4.12,14,1203,1,3,28,4,1,East
2035,11.85,37,1582,1,3,22,8,1,South
2036,9.55,33,573,1,3,1,6,0,East
2037,3.5,44,2017,0,5,18,15,0,North
2038,10.92,48,808,1,5,20,14,0,East
2039,10.04,56,749,1,1,19,4,1,West
2040,10.79,51,1640,0,3,26,20,0,East
2041,1.06,21,400,0,2,15,17,0,East
2042,7.97,21,1376,0,1,24,12,1,South
2043,1.08,29,2132,0,3,7,6,0,South
2044,11.74,53,568,1,3,16,17,0,East
2045,3.24,31,378,0,1,30,7,0,East
2046,8.53,42,497,1,4,26,11,1,North
2047,11.94,23,2160,1,4,9,17,0,South
2048,11.99,46,616,1,2,17,16,0,West
2049,7.46,38,1939,1,1,20,14,0,South
2050,5.84,24,1734,1,3,8,8,1,West
2051,7.29,46,1263,1,5,2,16,1,North
2052,2.91,18,747,0,3,20,15,1,East
2053,11.83,29,1428,0,1,7,10,1,West
2054,2.21,11,1231,0,3,18,17,0,West
2055,8.53,58,1047,0,4,29,11,0,West
2056,4.5,50,1136,0,2,12,3,1,South
2057,5.31,60,1153,0,1,25,10,1,South
2058,6.51,26,2243,1,4,17,19,0,East
2059,1.43,38,2412,1,2,5,4,1,North
2060,7.22,58,1099,1,5,10,8,1,North
2061,10.56,37,2010,1,5,0,20,1,East
2062,9.73,24,351,1,1,2,4,0,North
2063,9.0,24,1083,1,4,22,19,1,South
2064,8.31,44,1966,1,3,20,4,0,West
2065,3.71,48,1743,0,2,19,8,0,North
2066,6.27,14,1183,1,3,28,3,1,North
2067,10.1,14,337,1,5,4,15,0,West
2068,2.29,41,2086,1,5,17,5,1,East
2069,11.64,60,2107,0,1,7,9,1,West
2070,7.09,30,1548,0,5,4,4,1,West
2071,3.16,38,2353,1,4,21,11,0,North
2072,3.25,29,724,0,5,21,9,0,East
2073,3.02,17,268,1,5,23,11,1,South
2074,3.54,16,2293,1,1,12,19,0,East
2075,9.91,51,1382,0,5,12,7,0,East
2076,4.14,11,1638,0,5,21,8,1,South
2077,7.65,35,1825,1,4,19,14,1,North
2078,3.32,33,2093,1,5,25,7,1,West
2079,2.01,56,284,0,5,11,15,1,East
2080,1.91,17,2484,1,3,12,17,1,East
2081,7.3,28,694,1,3,24,20,1,West
2082,8.55,39,1713,1,5,22,5,0,North
2083,2.54,28,513,1,4,1,1,1,South
2084,4.61,50,1726,1,1,15,3,1,South
2085,5.82,14,1055,0,1,21,11,0,East
2086,7.1,38,1278,0,5,23,4,1,North
2087,4.34,32,1639,1,1,15,19,0,West
2088,2.0,52,2442,0,5,11,9,1,South
2089,6.03,46,1833,0,1,13,15,0,West
2090,3.63,45,1263,1,3,21,4,1,East
2091,8.19,22,1623,1,2,9,2,1,South
2092,11.33,38,937,0,3,12,1,0,East
2093,8.65,13,2184,0,3,26,7,1,East
2094,1.72,28,1336,0,2,14,10,1,East
2095,4.14,29,1147,1,4,9,2,1,South
2096,11.28,54,1482,1,4,3,16,0,East
2097,10.35,41,2099,0,1,13,4,0,North
2098,8.77,28,2203,1,1,17,5,0,West
2099,7.7,40,837,0,3,8,11,0,South
2100,11.4,30,251,0,2,6,11,1,West
2101,2.01,13,2459,0,2,27,7,1,West
2102,1.49,16,907,1,1,21,17,0,South
2103,5.68,32,1485,0,2,9,11,0,West
2104,9.38,49,2033,0,3,2,5,1,North
2105,11.08,50,1046,0,2,1,5,1,East
2106,7.35,30,1733,1,5,2,1,0,West
2107,4.21,15,1311,0,2,21,14,0,East
2108,4.6,12,341,1,3,26,15,1,East
2109,6.6,21,1183,1,2,24,5,0,North
2110,6.67,38,727,1,4,5,8,0,North
2111,1.68,23,960,0,4,6,8,0,East
2112,11.66,18,1897,1,5,25,16,0,West
2113,8.02,11,1370,0,5,24,13,0,North
2114,5.45,48,1595,1,4,14,8,1,South
2115,1.98,32,2133,0,5,15,7,1,East
2116,2.11,14,368,0,5,22,15,0,South
2117,6.57,13,903,1,2,0,3,1,North
2118,4.87,57,716,0,1,0,8,1,North
2119,11.71,58,2146,0,4,23,14,1,West
2120,11.66,48,2240,0,5,1,4,1,West
2121,2.01,12,2314,0,2,27,11,1,East
2122,3.6,24,1077,1,1,5,12,1,East
2123,6.87,24,1667,1,3,0,3,0,South
2124,8.79,32,1405,1,4,0,7,0,South
2125,11.13,50,295,0,3,26,5,1,North
2126,6.04,49,1969,1,5,23,2,1,East
2127,9.46,26,1803,1,5,20,14,0,North
2128,10.01,24,256,1,2,26,14,0,East
2129,9.18,16,495,1,5,30,13,0,South
2130,7.56,39,2238,1,3,8,10,0,South
2131,9.85,14,1635,1,5,0,7,0,South
2132,3.53,23,1137,0,4,28,1,0,West
2133,1.39,58,2491,0,3,22,5,0,West
2134,6.04,16,1378,1,1,20,6,1,North
2135,6.96,51,1827,1,4,26,18,0,North
2136,10.86,42,1872,0,3,21,3,1,East
2137,7.1,52,501,0,4,24,12,0,North
2138,2.95,30,2140,0,2,24,17,0,South
2139,6.95,49,489,0,2,29,7,1,East
2140,3.55,58,2265,1,1,9,10,0,West
2141,4.44,15,1961,0,4,7,18,0,East
2142,5.37,21,1236,0,5,19,20,0,North
2143,3.91,23,723,1,5,25,17,1,South
2144,8.27,42,757,1,1,25,12,0,South
2145,10.63,10,788,1,4,27,13,0,East
2146,10.17,53,1695,1,4,7,20,1,North
2147,4.81,56,1449,0,5,25,3,1,South
2148,4.24,19,1440,1,4,19,20,1,East
2149,9.56,54,1520,0,1,19,9,1,East
2150,9.09,53,2084,0,4,23,8,1,South
2151,6.3,60,848,0,1,11,9,1,East
2152,6.37,10,1125,1,4,1,13,1,North
2153,8.75,13,1984,1,4,19,4,0,South
2154,9.1,13,1673,0,3,11,9,1,South
2155,8.71,49,1496,1,4,10,1,0,North
2156,8.39,12,2253,1,1,18,8,0,North
2157,1.13,54,2384,0,4,15,1,1,West
2158,11.0,10,1879,0,3,7,3,1,North
2159,8.97,36,1877,0,2,30,7,1,North
2160,10.74,59,1923,0,2,2,5,1,West
2161,3.26,42,580,1,4,5,10,0,South
2162,10.22,48,1764,0,1,19,7,1,South
2163,9.07,43,378,1,5,27,4,1,West
2164,4.09,25,1111,1,1,14,16,1,West
2165,11.18,39,1776,1,5,11,3,1,West
2166,3.03,54,2083,1,1,24,6,1,South
2167,5.96,19,410,1,5,3,14,1,West
2168,3.02,26,2094,1,3,26,16,0,West
2169,3.49,47,1991,1,1,28,20,0,South
2170,2.4,42,451,1,1,20,15,1,East
2171,11.4,39,1234,1,1,14,8,0,East
2172,4.85,38,1364,0,2,17,13,0,South
2173,2.0,34,513,1,4,4,8,1,South
2174,11.64,18,1100,0,1,16,7,0,North
2175,1.61,25,573,0,1,1,17,0,South
2176,2.26,22,957,1,3,5,3,1,South
2177,5.64,45,792,0,5,9,15,0,East
2178,9.68,22,2212,1,1,11,4,1,West
2179,4.08,28,942,0,2,1,1,1,East
2180,1.07,42,964,1,3,23,8,0,East
2181,6.18,43,2341,0,1,17,18,0,East
2182,11.9,57,1637,1,3,9,10,1,West
2183,5.82,25,1883,1,4,19,17,0,East
2184,1.45,10,1879,1,4,14,13,0,South
2185,3.35,34,1273,1,5,0,8,0,West
2186,3.05,11,2441,0,3,11,2,1,West
2187,2.31,31,2025,1,3,24,9,1,South
2188,10.81,45,1262,0,3,23,13,0,East
2189,9.47,27,1738,0,1,2,12,1,East
2190,10.58,48,491,1,3,27,15,1,East
2191,5.01,19,1404,0,4,14,9,1,West
2192,6.39,26,867,0,5,29,19,0,North
2193,3.53,55,878,0,4,21,8,0,South
2194,10.38,23,833,1,3,9,13,1,North
2195,7.72,30,470,1,2,30,10,1,East
2196,2.53,20,2337,0,5,10,20,0,South
2197,6.91,57,1505,0,3,6,17,0,West
2198,3.9,29,1714,0,2,13,2,1,North
2199,8.11,11,570,0,1,16,4,1,South
2200,1.28,33,1796,0,4,26,18,0,East
2201,5.14,25,2356,1,5,18,18,1,East
2202,10.09,26,1885,0,5,30,16,1,South
2203,1.59,11,220,0,5,11,16,1,West
2204,1.3,43,611,1,1,19,12,1,West
2205,4.22,31,2250,0,2,2,8,0,North
2206,9.58,25,443,1,4,24,10,0,South
2207,1.1,12,342,0,5,22,12,1,West
2208,9.84,44,350,0,3,20,1,1,East
2209,4.23,54,663,1,1,10,12,1,East
2210,7.97,25,741,1,3,8,3,0,East
2211,1.31,11,849,1,3,5,11,0,South
2212,6.18,14,1582,1,5,22,19,1,North
2213,4.99,50,1048,1,2,21,5,1,South
2214,6.42,52,817,1,2,18,12,1,West
2215,5.76,47,361,1,1,26,9,0,East
2216,8.05,44,241,1,4,22,13,0,North
2217,4.66,39,1473,1,5,22,7,0,North
2218,6.36,26,1114,1,1,10,18,0,West
2219,5.66,46,1772,1,4,4,2,0,West
2220,3.83,25,2068,1,4,19,15,1,West
2221,11.02,45,1013,1,5,20,14,1,South
2222,9.55,33,1607,0,5,10,11,0,North
2223,11.41,55,785,1,4,7,3,0,South
2224,8.48,10,674,0,2,11,11,0,West
2225,10.07,18,2089,0,4,14,16,0,South
2226,2.63,47,2241,1,1,5,11,0,South
2227,4.14,41,245,1,4,2,1,0,East
2228,5.54,45,1600,1,4,2,14,0,North
2229,6.88,23,792,1,3,7,10,0,North
2230,4.21,42,1484,1,5,10,7,0,South
2231,9.53,33,1910,0,2,22,13,1,East
2232,1.5,50,672,1,5,8,16,1,East
2233,4.34,60,1517,0,5,25,18,1,South
2234,4.87,32,2472,0,5,3,1,1,West
2235,10.12,10,1396,1,3,2,8,0,North
2236,10.16,19,1362,1,2,12,7,0,South
2237,9.94,46,546,1,2,18,3,1,West
2238,9.14,51,976,1,1,24,5,0,East
2239,4.95,32,1261,0,4,8,13,1,East
2240,9.35,35,1402,1,1,4,11,0,West
2241,8.33,37,1516,0,4,11,15,1,North
2242,6.67,30,1242,0,4,16,20,1,South
2243,2.43,19,1626,0,3,0,1,0,North
2244,7.38,28,1612,1,5,29,20,0,North
2245,5.92,32,773,1,3,0,20,1,North
2246,2.54,14,1678,1,3,15,18,0,South
2247,4.51,23,1897,1,2,15,16,0,East
2248,6.69,50,239,0,3,25,6,0,West
2249,10.85,45,2151,0,5,9,17,0,West
2250,4.23,60,1047,0,5,1,3,1,West
2251,6.84,16,1125,1,1,22,8,0,South
2252,5.76,46,604,0,4,2,6,1,North
2253,10.74,38,849,1,4,24,11,0,West
2254,9.07,58,2463,1,4,14,10,0,South
2255,1.38,12,1048,1,1,10,18,1,South
2256,11.17,51,263,1,2,5,12,1,South
2257,5.25,50,989,1,5,24,6,0,South
2258,2.12,12,868,0,1,29,18,0,North
2259,1.65,37,2043,1,3,23,11,0,East
2260,2.6,13,772,1,2,0,6,0,West
2261,11.05,39,1871,1,2,14,19,0,North
2262,5.29,23,2255,0,2,13,16,1,East
2263,5.05,13,1479,0,5,8,17,0,West
2264,1.36,45,293,1,3,1,5,0,East
2265,4.17,30,790,1,3,4,8,0,East
2266,2.39,15,1677,0,2,23,17,0,South
2267,4.95,13,833,1,4,3,20,0,West
2268,9.23,41,925,1,1,12,5,0,West
2269,7.39,52,755,0,4,6,20,0,West
2270,6.17,19,2500,1,1,30,13,1,East
2271,10.65,16,2235,1,3,13,9,1,South
2272,4.24,27,2350,0,2,0,14,0,North
2273,3.68,47,1776,0,5,27,8,0,North
2274,5.07,14,681,1,2,27,7,0,North
2275,1.65,39,2474,1,5,21,7,1,North
2276,7.32,54,1162,1,1,2,17,1,South
2277,6.42,42,792,1,4,12,14,0,West
2278,8.26,36,2376,0,5,14,3,0,South
2279,4.46,56,2332,1,5,8,8,0,North
2280,3.58,52,1097,1,3,1,16,1,South
2281,5.32,30,1935,0,2,26,11,1,East
2282,1.39,30,1607,0,4,21,8,0,East
2283,3.58,29,1786,0,5,0,9,0,East
2284,7.3,53,2331,1,4,5,11,1,South
2285,5.95,28,2111,0,2,11,5,0,North
2286,5.56,23,1726,0,3,16,6,1,East
2287,9.9,20,656,0,3,29,3,0,West
2288,8.3,51,2238,1,4,1,1,1,South
2289,4.44,38,2241,0,3,24,1,1,West
2290,11.54,17,1637,0,1,30,4,0,West
2291,10.3,46,299,0,2,14,13,0,West
2292,2.41,50,273,1,4,24,14,0,South
2293,4.17,44,793,0,3,28,9,0,South
2294,10.14,35,1279,0,5,24,5,0,North
2295,3.35,41,824,1,1,7,7,0,South
2296,1.01,41,523,1,2,11,9,1,South
2297,10.44,18,2215,0,2,20,3,1,West
2298,11.74,35,1443,1,4,15,5,1,South
2299,10.53,48,750,0,1,20,20,0,South
2300,4.43,46,786,1,4,3,2,1,North
2301,3.66,28,1910,1,3,6,8,0,North
2302,3.86,43,1471,1,1,26,19,0,South
2303,5.1,36,564,0,3,1,2,1,East
2304,3.69,11,1443,0,3,17,15,1,South
2305,3.44,26,1388,1,1,2,4,1,South
2306,2.09,44,481,1,3,20,9,1,South
2307,5.27,36,1752,1,5,25,7,0,North
2308,4.87,58,763,1,4,16,7,0,North
2309,5.49,50,246,1,4,1,15,0,North
2310,3.36,16,1342,0,2,21,18,0,West
2311,7.75,29,2355,1,5,5,16,0,West
2312,8.07,26,933,1,2,28,18,0,North
2313,5.38,44,471,1,3,28,8,1,West
2314,6.68,23,1552,1,3,11,14,0,East
2315,5.43,28,1550,0,1,10,20,0,South
2316,9.01,19,2462,1,2,16,7,0,West
2317,10.54,44,751,1,3,8,14,0,East
2318,11.14,14,381,1,5,29,20,1,West
2319,9.53,54,552,1,2,28,17,0,West
2320,1.31,48,1808,0,2,25,15,1,West
2321,6.95,44,1373,0,5,5,12,1,East
2322,1.98,51,833,1,2,27,3,1,East
2323,2.6,53,1956,0,3,14,11,0,West
2324,2.28,13,1916,0,3,4,17,0,East
2325,8.04,11,237,0,4,2,16,0,North
2326,9.52,34,1643,0,3,25,4,1,North
2327,3.43,18,1695,0,5,26,13,0,North
2328,5.38,18,1005,1,2,26,2,1,North
2329,3.82,23,548,0,2,12,6,1,North
2330,8.48,48,929,0,4,20,2,0,West
2331,5.05,43,1765,0,3,24,20,0,West
2332,2.6,14,2220,1,4,19,5,1,South
2333,9.47,24,1911,1,3,20,1,0,South
2334,4.76,13,217,0,4,10,2,1,East
2335,2.32,10,688,0,3,21,15,0,North
2336,5.35,20,2387,1,5,28,2,1,North
2337,2.99,53,2256,1,3,8,2,1,South
2338,6.64,13,698,0,3,6,10,1,South
2339,3.7,51,594,1,5,14,19,1,North
2340,2.89,38,326,1,3,29,16,1,North
2341,10.21,19,2179,1,3,25,11,0,West
2342,8.22,56,1437,1,5,16,2,0,West
2343,11.77,46,1976,0,1,1,2,0,West
2344,10.03,33,1667,1,5,7,16,1,North
2345,9.55,60,606,0,5,20,20,0,West
2346,9.83,32,965,0,2,10,10,0,North
2347,5.85,16,1887,0,5,3,17,1,North
2348,7.44,33,423,1,2,16,2,0,East
2349,3.88,45,668,1,1,27,3,0,South
2350,3.69,53,333,1,4,29,9,1,South
2351,7.41,20,504,1,3,22,10,1,South
2352,10.93,47,1763,0,2,14,4,0,West
2353,10.71,47,2129,0,2,16,15,0,North
2354,11.47,33,378,0,3,5,20,1,West
2355,7.95,58,2073,1,1,30,20,1,South
2356,9.44,39,2413,1,4,13,9,1,East
2357,7.53,33,1392,1,3,22,5,0,West
2358,5.21,42,2247,0,5,13,11,0,East
2359,10.15,26,835,1,4,29,6,0,South
2360,5.96,54,1854,0,1,26,2,1,East
2361,1.46,54,2128,0,5,27,5,0,East
2362,9.96,35,2342,0,3,17,16,0,North
2363,8.66,28,548,1,3,24,12,1,West
2364,2.88,56,483,0,4,20,16,1,East
2365,2.04,40,1066,0,2,11,14,1,South
2366,4.3,44,233,0,1,2,9,0,West
2367,11.15,21,2133,1,1,24,20,1,East
2368,10.04,54,1871,0,4,22,17,1,West
2369,2.09,36,1062,1,2,4,19,1,West
2370,3.62,53,1448,1,3,3,19,0,West
2371,9.56,50,804,1,3,9,18,1,West
2372,1.59,12,779,1,1,6,18,1,South
2373,6.86,33,1176,0,2,4,9,0,East
2374,3.2,30,1677,0,2,19,11,1,South
2375,9.78,25,295,0,5,23,5,1,North
2376,3.94,52,1817,1,2,21,3,1,East
2377,11.2,49,1179,0,1,16,10,1,South
2378,8.0,46,291,1,5,0,1,1,South
2379,10.4,51,1731,0,1,18,12,0,South
2380,9.35,22,1971,1,4,7,1,1,South
2381,6.96,55,1562,1,3,5,9,1,East
2382,6.02,22,1268,0,2,20,2,0,West
2383,3.23,18,1728,0,2,13,7,0,West
2384,5.5,50,2093,0,4,21,11,0,East
2385,5.66,34,2188,0,4,4,9,1,East
2386,10.27,37,1764,0,3,8,2,0,North
2387,4.29,31,897,0,4,30,1,0,East
2388,11.94,49,629,0,5,15,10,1,East
2389,5.98,52,319,0,4,1,4,1,South
2390,5.25,42,608,1,2,27,7,1,East
2391,1.83,43,1164,1,3,17,3,0,East
2392,7.8,12,1435,0,1,14,9,0,South
2393,10.45,39,1505,1,4,16,15,0,East
2394,5.96,12,691,1,5,13,1,0,West
2395,4.21,19,378,1,4,28,7,1,East
2396,8.86,28,2441,1,3,6,18,0,West
2397,11.84,36,1067,1,1,4,9,0,East
2398,2.65,21,829,0,1,19,13,0,West
2399,3.28,35,312,1,4,0,14,1,South
2400,7.33,57,1955,1,3,11,12,0,West
2401,10.62,31,1319,1,3,8,6,0,East
2402,11.74,59,2029,0,1,30,2,0,East
2403,1.71,28,384,1,5,21,13,0,North
2404,1.03,30,2010,0,4,10,11,1,North
2405,3.01,42,1063,0,1,22,7,0,West
2406,5.47,11,1339,0,5,7,17,0,South
2407,7.32,24,1781,1,4,24,20,0,South
2408,5.36,55,2426,1,4,7,11,1,West
2409,11.06,51,2245,0,4,0,5,0,East
2410,9.38,32,429,1,2,10,2,0,East
2411,7.35,24,1321,0,2,11,2,0,West
2412,3.07,34,1952,0,2,27,6,0,North
2413,5.77,52,2465,0,5,7,14,0,South
2414,3.99,41,1937,0,3,25,15,0,West
2415,3.64,42,2465,0,3,18,10,1,West
2416,1.25,10,1353,1,3,19,10,1,West
2417,8.93,41,1391,1,3,10,19,1,South
2418,8.77,17,1878,0,3,7,20,1,West
2419,7.49,19,2483,1,1,15,5,1,North
2420,6.2,12,1118,1,1,30,12,1,East
2421,4.48,15,1349,0,1,14,12,1,East
2422,1.01,49,1160,1,1,28,18,0,South
2423,7.38,20,2457,0,5,24,1,0,East
2424,8.0,10,233,1,5,30,10,1,South
2425,7.48,39,1963,0,4,7,17,0,East
2426,9.72,32,874,0,1,26,16,1,West
2427,2.56,53,448,0,3,19,15,1,North
2428,4.02,22,1145,0,1,3,9,1,North
2429,11.8,43,2014,1,1,26,4,0,West
2430,9.08,20,1922,0,1,7,20,1,South
2431,4.49,35,850,1,3,20,20,0,South
2432,1.57,35,1222,0,4,11,16,1,East
2433,11.79,56,343,1,4,15,17,0,East
2434,8.21,40,2191,1,2,22,20,1,South
2435,6.57,17,2380,1,3,17,19,0,North
2436,10.61,28,988,0,1,22,13,1,East
2437,11.48,13,879,1,5,5,9,0,South
2438,1.76,60,1255,1,2,13,15,0,West
2439,3.46,15,1309,1,5,19,3,1,East
2440,6.19,15,1998,0,4,5,1,1,North
2441,9.34,44,1312,1,2,15,2,1,West
2442,9.44,31,982,0,1,22,20,0,North
2443,10.74,25,2033,0,3,0,18,1,West
2444,10.66,43,2478,0,4,0,18,1,North
2445,3.82,28,362,1,3,22,13,1,North
2446,3.35,55,1748,0,2,24,3,1,North
2447,9.86,16,1568,0,3,15,15,1,West
2448,9.03,22,1894,0,3,22,20,1,North
2449,3.43,34,2388,1,1,16,3,0,West
2450,7.0,13,1535,1,2,11,3,0,East
2451,9.77,41,1366,1,2,4,3,1,South
2452,2.28,53,620,1,1,2,12,1,East
2453,7.24,39,505,0,3,13,3,1,East
2454,3.19,60,613,0,4,10,5,1,South
2455,4.41,31,476,1,5,13,19,0,East
2456,11.48,37,2442,0,4,26,16,0,East
2457,4.13,52,2183,1,1,0,17,0,East
2458,5.82,41,874,0,4,15,17,1,East
2459,6.34,27,938,1,5,30,14,0,West
2460,2.18,23,468,1,3,24,13,0,North
2461,7.54,53,441,0,1,16,8,1,East
2462,4.9,23,1404,0,4,6,5,0,South
2463,10.91,59,1718,1,3,9,13,0,North
2464,11.65,47,764,0,4,19,8,0,East
2465,8.97,55,1641,1,4,22,17,1,West
2466,1.78,30,2360,1,4,26,5,1,North
2467,3.15,46,1260,0,2,0,16,0,West
2468,8.16,53,2140,0,5,4,17,0,South
2469,6.63,17,2284,0,5,3,7,0,East
2470,4.8,55,2277,1,2,4,10,0,East
2471,4.47,43,1525,1,2,14,4,1,West
2472,8.61,25,1108,0,4,21,6,1,North
2473,2.7,28,2350,1,4,20,12,1,West
2474,5.53,54,359,0,2,20,12,0,East
2475,1.13,56,557,0,3,15,5,1,South
2476,5.51,19,1396,1,3,23,14,1,South
2477,8.19,41,1619,0,2,28,10,0,West
2478,6.13,47,2170,1,3,5,11,1,South
2479,11.75,28,1573,0,4,28,8,1,North
2480,8.7,48,548,0,5,15,11,1,South
2481,5.47,54,1221,1,5,23,5,0,East
2482,2.59,22,247,1,2,24,4,1,North
2483,5.4,59,930,1,2,13,13,0,South
2484,1.83,20,201,0,2,17,2,1,West
2485,8.02,44,1356,1,5,27,15,0,North
2486,4.85,21,1211,0,1,24,10,1,North
2487,11.31,48,1513,1,5,14,9,1,North
2488,9.84,34,2229,0,3,16,4,1,West
2489,2.79,56,1401,0,5,15,20,1,West
2490,11.05,48,888,0,1,21,10,0,South
2491,10.38,26,2246,0,2,2,5,0,South
2492,9.24,51,1932,1,1,26,6,1,East
2493,7.46,37,1020,1,5,24,18,1,East
2494,3.59,33,1689,0,3,6,14,1,North
2495,4.67,45,2003,0,5,4,2,0,East
2496,4.28,33,1823,1,1,12,1,0,West
2497,2.46,33,1097,1,5,11,5,1,East
2498,4.07,42,946,0,3,15,5,1,East
2499,8.44,49,499,0,1,4,18,0,North
2500,1.01,52,2323,1,2,25,10,0,South
2501,4.94,49,1117,1,4,19,1,0,North
2502,8.44,50,1163,0,3,7,1,0,North
2503,1.02,36,527,0,1,7,5,0,East
2504,9.71,32,838,1,2,23,19,1,West
2505,4.29,44,1140,0,3,21,4,1,West
2506,4.32,28,427,1,1,16,15,0,East
2507,5.68,58,775,1,1,24,12,0,North
2508,6.76,52,1224,1,4,10,10,1,North
2509,4.52,43,1325,0,4,24,14,0,North
2510,3.86,30,399,1,3,30,4,0,East
2511,7.99,32,1276,1,3,20,6,0,West
2512,8.01,48,1098,0,4,3,6,0,West
2513,11.17,27,1924,1,3,22,7,0,North
2514,2.19,33,1422,0,2,21,6,0,East
2515,6.18,21,2172,0,4,19,5,1,West
2516,3.04,25,2144,1,5,9,14,1,North
2517,9.84,53,588,1,4,9,14,1,South
2518,11.89,28,913,0,3,20,3,1,South
2519,5.82,22,2397,1,2,14,14,1,North
2520,11.34,39,2463,1,3,8,16,0,South
2521,7.51,33,926,1,1,18,10,1,West
2522,2.46,34,438,0,5,5,19,1,North
2523,6.05,57,1928,1,1,6,19,1,West
2524,1.23,48,1605,0,1,15,19,1,North
2525,7.14,13,2346,1,4,26,5,1,West
2526,4.4,43,837,0,3,5,8,0,East
2527,3.22,49,1228,1,3,2,11,1,East
2528,11.53,15,1971,1,3,16,19,1,North
2529,11.58,17,770,0,4,14,19,1,East
2530,3.83,36,378,1,4,17,16,1,South
2531,3.0,54,1463,1,3,4,19,1,West
2532,7.57,22,1681,0,1,8,3,0,North
2533,4.99,28,989,1,1,8,3,1,East
2534,11.66,31,343,0,1,8,1,0,North
2535,5.44,53,1590,1,1,13,16,1,East
2536,2.13,60,1656,1,1,5,17,0,West
2537,5.4,30,1720,0,4,1,1,1,East
2538,6.89,50,1091,1,2,6,12,1,North
2539,6.11,54,304,1,1,27,8,1,North
2540,11.04,58,1339,0,4,21,10,1,South
2541,8.08,25,1736,0,5,2,15,1,North
2542,5.24,14,1131,0,5,27,7,0,East
2543,5.81,29,526,0,3,14,19,0,West
2544,7.77,12,1333,0,4,2,15,1,West
2545,10.52,16,771,0,3,5,20,0,East
2546,3.84,22,1088,0,1,5,20,0,North
2547,7.91,40,271,1,3,29,2,1,West
2548,1.13,32,442,1,2,17,3,0,South
2549,11.94,25,2070,1,1,26,9,1,West
2550,8.49,32,2384,1,4,21,14,1,West
2551,10.86,24,537,0,2,7,17,1,West
2552,4.83,23,417,1,1,17,10,1,North
2553,5.91,56,2421,1,2,29,15,0,North
2554,5.76,51,2039,0,1,23,3,0,West
2555,8.85,48,1384,1,2,0,6,1,North
2556,4.57,10,913,1,2,24,4,1,West
2557,11.82,23,1415,0,1,4,1,1,West
2558,7.46,28,1233,1,1,20,19,0,West
2559,4.16,36,1201,0,2,1,13,0,West
2560,3.88,26,2362,0,4,21,14,0,North
2561,6.3,58,2250,0,2,25,12,0,East
2562,4.49,19,1810,1,2,15,17,1,North
2563,7.14,13,1534,1,1,4,9,1,North
2564,5.64,34,2473,0,4,25,5,0,South
2565,6.14,57,1395,1,5,9,5,1,North
2566,6.49,26,215,0,1,6,19,0,North
2567,1.22,15,925,1,5,2,17,0,North
2568,9.02,10,1266,0,2,7,4,0,South
2569,3.04,31,2424,1,5,25,20,1,North
2570,10.76,25,2204,0,2,23,5,0,North
2571,8.96,14,956,0,3,17,14,1,South
2572,2.28,16,406,0,3,13,4,1,North
2573,9.99,54,1840,0,3,7,15,0,South
2574,5.64,60,450,1,2,22,1,0,West
2575,8.59,31,1465,0,1,22,12,0,West
2576,2.79,40,1904,0,1,10,5,1,South
2577,8.66,43,1500,0,2,5,19,1,North
2578,5.09,58,1750,1,4,15,2,0,West
2579,10.14,58,866,0,3,14,5,0,East
2580,8.24,60,754,1,5,14,13,1,North
2581,9.64,47,551,1,3,1,17,0,East
2582,4.16,27,209,1,1,15,17,1,North
2583,3.64,53,601,1,5,11,13,0,South
2584,8.14,27,2360,1,1,24,6,0,North
2585,9.37,34,2453,1,3,20,13,0,East
2586,6.62,43,816,0,1,1,6,0,South
2587,11.78,57,357,0,2,17,16,1,North
2588,5.6,22,972,1,4,29,1,1,North
2589,5.01,21,945,0,3,19,5,1,East
2590,3.79,56,412,1,1,5,6,1,North
2591,1.57,41,488,0,3,1,8,0,West
2592,6.3,52,1965,1,3,8,10,1,East
2593,11.45,39,1017,0,4,23,20,1,North
2594,9.81,28,688,0,1,0,3,1,East
2595,7.92,57,2010,0,3,24,14,1,West
2596,7.97,28,2456,1,4,28,18,0,North
2597,10.88,42,740,1,2,0,12,1,East
2598,7.52,56,1677,1,1,21,17,0,East
2599,1.12,42,2367,0,1,14,5,0,East
2600,11.38,55,1937,0,3,18,11,1,East
2601,9.71,11,574,0,1,23,4,1,South
2602,8.87,47,1943,0,2,5,6,1,South
2603,6.99,36,617,0,2,4,1,1,North
2604,2.69,16,1061,0,2,16,13,0,East
2605,1.42,41,2387,0,5,21,11,0,East
2606,4.02,42,981,1,2,14,11,1,North
2607,6.25,34,1021,1,2,17,6,0,West
2608,3.76,15,1050,0,3,15,7,0,East
2609,8.96,14,335,0,4,11,12,0,East
2610,8.92,30,1794,1,3,12,5,1,West
2611,2.73,27,1329,0,1,21,3,0,North
2612,9.59,34,2387,1,1,15,10,0,South
2613,4.17,48,1510,1,5,14,12,1,East
2614,3.15,34,1037,1,5,16,3,0,East
2615,6.74,36,1654,0,4,24,12,0,South
2616,8.47,27,2260,1,1,30,15,1,South
2617,9.31,47,2367,1,5,11,7,0,South
2618,3.14,53,598,0,2,16,1,1,South
2619,10.34,53,1991,0,2,11,8,1,East
2620,2.35,49,492,0,1,6,8,1,South
2621,10.79,39,2104,1,4,27,5,1,South
2622,2.87,34,1092,0,3,27,19,0,North
2623,7.6,51,1541,0,4,9,5,0,North
2624,6.59,39,779,1,2,10,19,1,North
2625,2.3,49,2091,0,2,19,12,1,South
2626,9.29,35,1150,1,3,18,3,1,South
2627,11.37,25,812,0,3,24,12,1,East
2628,10.55,50,1033,0,4,13,14,1,South
2629,10.16,59,592,0,3,18,10,0,East
2630,10.61,21,2087,0,2,26,3,1,South
2631,5.5,59,484,0,2,30,1,1,West
2632,8.15,45,1206,1,4,18,9,0,East
2633,11.74,45,2250,1,5,29,12,0,East
2634,9.26,22,1076,0,2,28,9,1,West
2635,5.35,35,1119,0,2,5,17,0,North
2636,3.49,15,1664,1,1,24,9,1,West
2637,5.04,50,860,0,2,9,14,1,East
2638,7.99,29,401,1,3,9,6,1,West
2639,4.09,58,631,1,5,8,9,1,West
2640,11.34,16,1906,0,1,27,14,1,East
2641,2.84,58,1141,0,5,27,11,1,East
2642,11.77,47,1817,0,1,25,5,0,East
2643,4.01,51,293,1,1,10,2,0,North
2644,5.49,59,1793,0,5,27,17,0,West
2645,3.45,12,1064,0,1,20,10,1,West
2646,4.38,28,279,0,3,28,19,1,North
2647,11.26,42,717,0,3,7,8,1,South
2648,2.38,41,1091,1,2,2,3,0,North
2649,8.18,32,1285,1,3,6,13,0,South
2650,8.36,16,1785,0,1,22,3,0,South
2651,5.04,54,971,1,3,6,7,1,East
2652,5.74,30,2321,1,2,7,17,0,East
2653,4.93,36,629,1,4,22,16,0,North
2654,7.43,59,2229,1,4,9,3,0,South
2655,3.81,29,1058,0,3,15,17,1,North
2656,11.98,54,1622,1,3,0,11,1,North
2657,11.84,16,763,0,5,28,3,1,North
2658,9.01,46,310,0,5,15,13,0,West
2659,5.48,39,1096,1,3,0,12,1,North
2660,3.65,15,1498,0,4,15,12,1,North
2661,2.46,39,1878,0,1,7,19,1,East
2662,3.34,41,2363,0,1,22,11,0,East
2663,1.93,45,1207,1,2,4,20,0,East
2664,2.1,37,640,1,1,3,11,1,South
2665,8.49,43,284,0,2,22,5,0,West
2666,1.1,12,1080,1,2,26,5,0,South
2667,1.61,50,970,0,1,30,20,0,West
2668,7.73,33,1965,0,1,1,10,1,North
2669,5.22,11,211,1,1,19,11,1,North
2670,11.34,13,646,1,3,8,4,1,West
2671,6.72,19,725,1,3,27,7,0,East
2672,3.07,31,2456,0,4,29,16,0,South
2673,4.73,25,2367,1,4,30,9,0,North
2674,6.95,40,1633,1,2,23,2,1,East
2675,4.26,10,495,1,4,5,7,0,East
2676,1.26,60,2480,1,5,27,10,0,East
2677,2.41,18,2006,0,2,14,8,0,North
2678,8.12,42,1553,0,3,17,9,0,East
2679,2.19,26,2022,1,1,25,14,0,West
2680,7.63,59,1468,1,4,23,17,0,East
2681,2.76,38,962,1,3,15,16,0,North
2682,2.9,24,1744,0,3,30,12,1,South
2683,7.81,15,2179,1,3,2,19,1,South
2684,10.48,55,2307,0,1,11,3,0,East
2685,2.73,43,1272,0,4,13,13,0,South
2686,10.47,21,676,1,5,11,5,1,East
2687,2.25,46,1075,1,2,16,16,0,South
2688,3.18,40,1546,1,3,16,16,0,East
2689,6.38,59,411,1,5,28,8,0,South
2690,10.36,59,1584,0,2,30,7,0,North
2691,11.21,12,1499,0,3,18,2,1,West
2692,4.85,48,2288,0,4,2,10,0,East
2693,2.15,58,1376,1,3,19,19,1,North
2694,11.59,24,1607,0,2,5,19,1,South
2695,2.33,43,1460,0,5,17,3,1,North
2696,3.36,18,1184,1,3,26,13,1,South
2697,11.71,43,2179,1,2,16,7,1,East
2698,7.45,24,270,1,5,14,12,0,North
2699,11.04,18,633,1,3,25,16,0,East
2700,10.94,45,1521,0,4,4,17,0,East
2701,3.26,23,2196,1,5,11,9,1,West
2702,11.06,38,627,1,2,23,13,0,West
2703,8.01,51,745,0,1,19,1,0,North
2704,11.06,45,2070,1,5,2,19,0,East
2705,11.58,56,392,1,3,2,8,1,East
2706,8.85,37,877,0,4,16,2,0,South
2707,6.7,41,1493,0,1,17,6,0,West
2708,8.16,28,1904,1,5,4,18,1,East
2709,11.18,47,2469,1,4,12,15,1,West
2710,5.61,55,1249,0,1,0,15,0,South
2711,7.61,56,1869,1,2,8,7,1,East
2712,6.55,50,1297,1,1,10,3,0,West
2713,11.79,32,872,0,4,6,14,0,South
2714,10.64,41,2286,0,1,10,18,1,North
2715,5.46,54,1931,1,3,5,9,0,South
2716,5.17,38,1295,1,4,24,15,0,East
2717,11.53,39,2202,1,1,27,8,0,East
2718,3.22,21,860,0,1,21,8,0,North
2719,11.25,45,510,0,4,26,4,1,North
2720,3.41,52,379,1,4,27,3,0,West
2721,4.64,56,2018,1,4,15,5,0,East
2722,10.09,29,2444,1,5,26,19,0,South
2723,3.94,17,1952,1,4,11,11,0,West
2724,4.08,19,1058,0,4,24,9,0,West
2725,5.21,21,1095,1,5,14,5,0,East
2726,3.69,45,789,0,4,1,12,1,East
2727,11.3,18,1689,1,1,16,3,0,East
2728,11.51,28,1780,1,5,26,2,1,North
2729,11.85,42,469,1,4,28,10,1,South
2730,11.78,60,755,0,5,14,12,1,South
2731,1.61,37,1379,1,1,9,4,1,South
2732,2.59,37,2074,1,2,25,13,0,East
2733,6.6,45,1661,0,4,8,12,0,South
2734,10.55,53,391,0,1,26,17,0,West
2735,6.37,59,1243,0,3,2,20,1,West
2736,3.37,25,1983,1,1,17,2,1,North
2737,5.26,54,1499,1,2,29,7,0,South
2738,11.28,11,698,0,2,17,9,1,East
2739,11.93,49,2041,1,2,12,18,0,North
2740,5.44,17,1967,1,1,20,16,0,North
2741,4.17,41,344,1,5,1,3,1,South
2742,4.43,56,687,1,4,19,9,1,North
2743,10.84,60,1325,1,5,13,18,0,East
2744,1.9,26,907,0,1,27,1,0,South
2745,4.71,34,1148,1,5,16,6,1,East
2746,2.6,17,1051,0,3,30,14,1,South
2747,10.02,11,2326,1,3,9,1,1,North
2748,6.63,28,1881,0,4,28,17,0,West
2749,11.78,10,1675,1,1,18,14,0,West
2750,5.81,40,2137,1,5,11,13,1,East
2751,6.13,56,2023,0,4,25,17,0,North
2752,4.95,29,419,1,1,4,14,0,East
2753,11.7,34,1592,1,4,8,18,0,North
2754,6.5,22,2302,1,3,29,12,0,East
2755,3.34,27,1278,0,1,9,3,1,North
2756,8.16,52,1431,1,3,15,3,0,North
2757,6.67,11,2145,1,5,0,6,1,West
2758,9.14,40,1984,1,1,24,14,1,East
2759,4.37,29,1453,0,1,30,6,1,South
2760,6.55,37,1117,0,5,13,15,0,West
2761,10.72,31,1586,0,4,24,10,0,North
2762,2.81,60,755,0,4,25,11,0,North
2763,9.76,30,732,0,1,27,5,1,East
2764,2.61,25,2347,1,4,18,20,0,West
2765,9.89,30,1257,1,2,27,5,1,South
2766,1.59,25,1286,0,1,1,8,1,East
2767,4.5,40,793,0,2,28,11,1,North
2768,7.23,18,1717,1,3,16,4,1,North
2769,5.53,31,1028,0,1,21,10,0,South
2770,10.72,60,1023,1,1,16,16,0,South
2771,7.67,36,2018,1,1,0,20,0,North
2772,5.15,59,960,0,4,28,17,1,East
2773,11.31,49,760,1,1,0,14,0,North
2774,2.23,17,746,0,1,18,14,0,West
2775,6.16,19,1819,1,1,29,1,0,West
2776,5.55,34,2212,1,3,2,19,0,South
2777,8.2,52,245,1,1,6,12,0,East
2778,1.14,30,456,1,4,3,20,0,East
2779,5.39,45,292,1,5,24,8,1,West
2780,10.96,43,2175,0,2,2,16,1,North
2781,7.49,51,2360,1,3,8,11,0,North
2782,10.13,21,1189,0,2,29,6,1,South
2783,9.93,52,1835,1,5,23,4,0,South
2784,10.93,21,2097,1,2,5,3,0,North
2785,2.87,42,2277,1,1,5,8,0,North
2786,8.52,43,1421,0,2,3,4,0,East
2787,10.21,37,1497,0,3,17,14,1,East
2788,1.35,59,2130,1,1,2,15,0,West
2789,8.65,34,1743,1,1,8,2,1,South
2790,3.97,40,1527,0,5,23,17,0,West
2791,6.73,49,1278,0,5,10,4,0,South
2792,4.01,15,1740,1,2,3,8,0,East
2793,8.17,31,1014,1,5,0,4,1,North
2794,5.8,49,2425,1,5,16,17,1,South
2795,8.59,24,1367,0,4,9,5,1,South
2796,2.27,29,1633,0,4,15,15,0,West
2797,3.26,16,1592,1,5,3,16,0,East
2798,8.63,48,1961,0,2,29,14,1,North
2799,2.78,22,2243,0,3,22,11,1,North
2800,1.44,19,264,0,5,30,17,0,East
2801,6.64,39,258,1,3,0,1,0,North
2802,11.99,13,589,0,4,4,10,1,South
2803,11.02,35,793,1,4,9,4,0,East
2804,4.07,41,1334,1,5,17,2,1,South
2805,11.95,41,2397,1,1,11,19,0,East
2806,9.02,48,774,0,2,18,3,0,West
2807,8.33,26,703,0,1,28,18,1,North
2808,1.79,17,541,0,5,11,7,1,South
2809,2.26,23,1825,1,2,5,6,1,East
2810,7.39,41,1713,0,4,25,2,0,North
2811,10.88,35,2044,1,2,14,17,0,North
2812,11.64,40,1653,0,5,22,14,0,East
2813,3.07,37,306,1,1,26,15,0,West
2814,5.53,50,331,1,4,30,11,1,West
2815,5.91,60,1679,0,2,29,2,1,East
2816,5.41,22,2119,0,5,16,15,0,South
2817,11.48,55,997,1,5,9,19,1,South
2818,5.5,15,1848,0,2,3,19,1,East
2819,6.01,32,1203,0,5,6,9,0,North
2820,10.74,51,766,0,1,12,14,1,North
2821,6.52,43,340,1,4,26,16,1,South
2822,10.63,41,2276,0,1,6,7,1,East
2823,2.52,54,851,1,4,19,17,0,North
2824,1.17,31,958,0,3,28,12,0,South
2825,2.52,20,382,0,2,1,3,1,East
2826,1.34,14,1951,0,2,19,2,1,North
2827,3.16,28,1008,0,3,23,20,0,East
2828,1.99,60,2440,0,2,21,6,0,South
2829,7.74,16,2033,1,2,22,15,1,South
2830,8.36,14,1767,1,3,24,10,1,East
2831,3.14,41,1743,0,3,15,6,1,North
2832,10.44,43,1631,1,3,10,16,0,West
2833,7.78,21,772,1,1,5,7,1,East
2834,3.77,13,969,1,2,28,15,0,West
2835,6.13,29,1899,1,4,27,8,1,South
2836,3.14,54,959,1,2,10,17,0,South
2837,2.79,32,525,1,4,3,11,0,West
2838,3.28,18,1312,0,4,23,4,1,East
2839,1.68,32,1505,0,1,27,6,0,East
2840,5.19,27,1742,0,4,25,6,0,East
2841,7.1,22,2427,0,3,23,11,1,North
2842,9.12,47,1713,0,1,21,15,1,North
2843,6.38,56,1466,1,1,27,1,1,North
2844,5.83,16,2469,0,5,25,9,0,South
2845,1.68,59,2486,0,2,28,2,0,North
2846,11.18,44,2066,1,4,4,5,0,South
2847,3.54,49,1313,1,4,26,19,0,North
2848,5.49,51,1515,0,2,30,11,1,North
2849,9.47,24,864,1,5,12,14,1,South
2850,9.6,55,405,1,1,27,9,0,South
2851,6.43,54,379,0,3,0,17,1,East
2852,8.75,60,2348,0,2,15,12,0,North
2853,4.0,26,2308,1,3,23,20,1,East
2854,4.85,37,2267,1,3,25,2,0,North
2855,11.52,26,878,0,5,17,5,1,North
2856,2.47,49,690,0,5,26,3,0,West
2857,4.94,14,1565,0,3,29,7,1,West
2858,7.46,33,1970,0,1,25,2,0,North
2859,10.26,18,684,1,4,1,2,0,South
2860,1.09,19,2182,1,1,25,5,1,East
2861,2.57,30,1049,1,2,18,15,1,North
2862,7.35,28,2405,1,3,20,2,1,South
2863,1.06,39,526,0,4,27,5,0,North
2864,1.09,28,587,1,4,7,16,0,West
2865,7.76,20,330,1,5,24,14,0,South
2866,2.64,12,1470,1,1,6,12,0,North
2867,9.91,55,1663,0,1,6,5,1,West
2868,4.07,45,675,1,5,27,2,0,East
2869,8.88,17,1278,1,1,30,16,1,South
2870,1.91,57,453,0,1,5,5,1,North
2871,8.82,59,975,0,1,22,6,0,South
2872,7.35,50,1820,1,3,10,16,1,East
2873,5.09,17,1675,1,5,8,17,1,North
2874,2.06,47,921,0,5,13,3,1,South
2875,4.03,27,1868,1,1,17,18,0,South
2876,4.65,29,259,1,5,0,15,0,South
2877,6.32,45,1356,1,4,17,16,1,West
2878,1.03,10,648,1,2,4,12,0,East
2879,2.15,55,632,1,5,19,14,1,South
2880,8.11,28,1142,0,2,10,11,0,South
2881,1.34,41,215,1,1,0,12,1,West
2882,9.01,50,2492,0,1,20,10,0,South
2883,3.37,18,955,0,1,28,1,0,West
2884,4.05,45,1493,1,2,3,12,1,East
2885,5.27,15,740,0,1,0,1,1,East
2886,9.79,44,803,0,3,27,9,1,South
2887,10.17,30,1915,0,4,27,5,0,West
2888,1.41,32,650,1,1,17,8,0,East
2889,8.4,60,370,0,2,8,3,1,South
2890,3.38,34,282,1,1,18,14,1,North
2891,4.83,45,2313,1,1,1,17,0,South
2892,3.72,13,848,1,5,3,15,1,East
2893,1.56,53,706,0,3,10,16,1,North
2894,10.09,24,351,0,1,29,15,0,West
2895,10.96,60,1663,0,2,11,18,0,West
2896,10.91,60,1354,1,4,9,9,1,West
2897,9.63,49,656,1,1,19,6,0,North
2898,10.89,60,676,1,2,20,8,1,South
2899,7.67,19,2279,0,1,7,5,0,East
2900,3.5,54,1417,0,5,19,1,0,North
2901,2.11,40,798,0,2,30,1,0,South
2902,7.73,32,432,1,4,20,15,1,West
2903,4.69,33,2071,1,3,6,9,1,South
2904,5.4,12,1075,1,1,2,8,0,North
2905,7.99,31,1985,0,4,6,18,1,East
2906,3.8,56,1158,0,1,19,9,0,North
2907,2.92,15,1250,1,3,25,13,1,West
2908,3.05,28,1739,0,3,28,9,1,West
2909,2.34,20,534,1,3,10,20,1,North
2910,6.7,28,2288,0,5,29,6,1,East
2911,3.3,48,1531,0,2,10,15,1,East
2912,1.6,44,2379,0,3,15,20,0,West
2913,8.23,23,2220,1,2,26,11,1,East
2914,2.94,28,1424,0,2,13,19,0,South
2915,9.1,12,831,1,2,13,1,1,North
2916,5.86,26,2112,1,3,18,5,0,West
2917,6.03,60,504,0,4,3,5,0,East
2918,4.32,43,705,0,1,27,12,1,North
2919,4.02,41,2128,1,5,27,11,1,West
2920,4.57,12,2002,0,2,29,1,0,West
2921,9.9,46,280,0,1,21,10,0,West
2922,2.95,15,2226,0,4,21,14,1,North
2923,4.6,12,326,1,4,25,8,1,East
2924,1.38,40,1553,1,3,26,9,1,East
2925,8.99,25,2433,1,3,16,1,0,West
2926,8.93,13,983,1,1,22,6,1,East
2927,4.13,47,1421,1,4,29,5,1,East
2928,9.77,41,1456,0,5,22,11,0,South
2929,4.92,48,2449,0,4,18,9,0,North
2930,9.45,38,1062,1,2,25,20,0,North
2931,2.49,11,1538,0,5,14,7,1,North
2932,3.26,46,1596,0,1,10,7,1,West
2933,7.65,14,676,1,4,5,9,0,North
2934,6.09,23,1168,0,5,19,6,1,South
2935,7.27,58,1975,1,5,14,18,1,North
2936,7.82,56,807,0,1,1,6,0,East
2937,11.0,34,1161,0,4,2,15,1,West
2938,4.64,40,1663,0,1,2,9,0,East
2939,1.11,39,1423,1,4,6,18,1,South
2940,3.89,28,1866,1,3,27,19,1,North
2941,7.84,52,919,0,1,23,4,0,South
2942,9.83,18,584,0,1,29,19,1,North
2943,5.49,25,733,1,4,24,9,1,North
2944,10.96,23,269,1,1,5,14,0,North
2945,4.81,26,1060,0,2,12,1,1,East
2946,1.28,19,1768,0,3,5,4,1,East
2947,8.07,55,1448,1,1,20,11,1,East
2948,5.75,22,2070,1,5,16,2,0,South
2949,2.65,39,584,0,3,8,1,0,East
2950,6.25,24,486,0,3,27,7,0,South
2951,8.87,57,1041,1,1,11,6,1,South
2952,1.48,38,1117,1,1,25,18,0,North
2953,10.46,58,1246,0,4,3,12,1,South
2954,7.7,43,1026,0,5,10,20,0,North
2955,11.34,16,702,1,5,28,2,1,North
2956,4.38,34,386,0,2,7,13,1,North
2957,7.65,37,427,0,2,19,4,0,South
2958,12.0,39,559,0,5,5,11,0,North
2959,5.98,21,2383,1,2,21,15,1,North
2960,8.07,37,1078,0,5,14,10,1,East
2961,3.15,28,1898,1,2,6,3,0,North
2962,9.73,20,1488,1,2,23,10,0,West
2963,9.49,36,1512,0,4,18,5,1,South
2964,3.75,32,1404,0,3,22,14,1,East
2965,1.7,45,2004,1,3,16,11,0,East
2966,4.77,46,2068,0,4,4,12,1,North
2967,1.49,38,551,0,2,23,13,1,South
2968,8.15,47,2495,0,4,5,11,0,East
2969,9.36,21,635,1,4,22,17,0,East
2970,2.53,41,826,1,5,1,13,1,North
2971,5.5,35,284,1,3,23,3,1,North
2972,1.02,32,203,1,5,20,16,1,South
2973,10.73,44,546,0,1,17,11,1,East
2974,9.32,47,647,1,3,30,5,1,South
2975,4.91,34,709,0,2,27,7,0,East
2976,1.14,20,1996,1,2,16,13,0,West
2977,3.28,15,858,1,4,0,13,0,East
2978,11.44,42,1361,1,5,9,17,0,West
2979,1.06,26,1924,0,4,7,5,0,West
2980,6.16,22,2490,0,3,16,12,1,East
2981,8.0,26,1757,0,4,30,4,1,South
2982,7.31,27,1611,0,4,0,17,1,East
2983,5.33,22,1669,1,4,30,16,0,North
2984,10.2,59,1448,1,3,14,6,0,South
2985,8.17,26,727,0,2,27,9,0,South
2986,1.78,22,1338,0,2,20,2,1,South
2987,10.27,24,1622,0,1,28,1,0,East
2988,9.7,52,2074,0,4,15,7,1,North
2989,6.34,50,333,0,4,25,16,1,South
2990,7.01,26,2049,0,1,11,11,1,East
2991,2.2,45,1456,0,4,24,12,1,North
2992,8.36,28,1688,1,4,1,3,0,West
2993,9.68,22,591,0,4,10,19,0,North
2994,9.81,56,1254,1,5,17,17,0,South
2995,6.91,20,436,0,5,20,16,1,East
2996,1.71,59,571,0,4,27,15,0,West
2997,5.23,49,840,0,1,4,6,0,North
2998,6.68,46,2196,0,2,29,6,0,East
2999,9.4,17,1835,1,1,8,8,0,West
